species_id,gear,encount_prob,E_scaled,sumA,A_scaled,sel0123,pcm,geomean
ITS-Mam-180471,GND,0.75,2.4998343822457767,165.7305639,1.2824252422579008,3,3,2.3176425258870887
ITS-Mam-180471,PST,0.05357142857142857,1.111123623754701,37.80773141,1.0644273577808732,1,1,1.0428446137614904
ITS-Mam-180471,LLT,0.0375,1.0749037986351344,52.83977354,1.0900439996259927,1,1,1.0404073378681629
ITS-Mam-771132,GND,1,3,14.99944199,1.0255589341748803,3,3,2.293934941234234
ITS-Mam-771132,PST,0.07142857142857142,1.1482874846792863,6.340674984,1.010803218930418,1,1,1.0379568799962842
ITS-Mam-771132,LLT,0.05,1.0999050480035093,24.76300799,1.0421973769885835,1,1,1.0347282177541945
ITS-Mam-180419,GND,0.8,2.599867505796621,374.1033684,1.637520807915394,3,3,2.4879699935443047
ITS-Mam-180419,PST,0.08928571428571429,1.1854513456038718,99.00067745,1.1687084507021053,1,1,1.0849194111605978
ITS-Mam-180419,LLT,0.0625,1.1249062973718842,186.477209,1.317780343874723,1,1,1.10341743856388
Rep-2666,GND,0.5,1.9996687644915536,1134.865512,2.9339628477519746,3,3,2.6956518146779476
Rep-2666,PST,0.14285714285714285,1.296942928377628,362.9121736,1.6184494916876124,3,2,1.8838348055075222
Rep-2666,LLT,0.1,1.1999100454770089,735.5038456,2.253396316181262,3,2,2.006939958390839
ITS-Mam-180451,GND,0.4,1.7996025173898642,0.81174324899999994,1.001381168166008,3,3,2.0068024858746987
ITS-Mam-180451,PST,0.17857142857142858,1.371270650226799,0.461098388,1.0007836216888637,1,1,1.0823453172430395
ITS-Mam-180451,LLT,0.125,1.2499125442137586,0.533081127,1.000906290054748,1,1,1.0575922540068816
ITS-Mam-180478,GND,0.4,1.7996025173898642,353.2618894,1.6020040964500848,3,3,2.2569434676920266
ITS-Mam-180478,PST,0.17857142857142858,1.371270650226799,69.45230715,1.118354013657824,1,1,1.1128217885817588
ITS-Mam-180478,LLT,0.125,1.2499125442137586,98.68514238,1.1681707360783795,1,1,1.099250032921108
ITS-Mam-612596,GND,0.4,1.7996025173898642,485.3446148,1.827091003554108,3,3,2.3323558942941056
ITS-Mam-612596,PST,0.17857142857142858,1.371270650226799,130.544524,1.222463450355553,1,1,1.137862450729963
ITS-Mam-612596,LLT,0.125,1.2499125442137586,286.5608557,1.4883364738998444,1,1,1.1678718430906536
ITS-Mam-180449,GND,0.4,1.7996025173898642,0.086878573,1.0001459002875197,3,3,2.006183319497889
ITS-Mam-180449,PST,0.17857142857142858,1.371270650226799,0.077845641,1.0001305069442965,3,1,1.4242140885214758
ITS-Mam-180449,LLT,0.125,1.2499125442137586,0.305552904,1.0005185510537633,1,1,1.0574898145096516
Fis-32599,GND,0.26159420289855073,1.522699233357816,259.7818381,1.442701390064209,1,3,1.6022414343676026
Fis-32599,PST,0.24642857142857144,1.5124933217402237,81.69586982,1.1392187076969478,1,2,1.362487863312438
Fis-32599,LLT,0.1725,1.3449172918135832,200.7506927,1.3421042991073482,1,2,1.3784085558955186
Rep-2941,GND,0.21052631578947367,1.420529628144558,652.974036,2.1127543092080483,3,3,2.279740688215649
Rep-2941,PST,0.3392857142857143,1.705745398548068,185.0822332,1.3154031156084525,3,2,1.9154952582513298
Rep-2941,LLT,0.2375,1.4749237885291326,432.8489363,1.7376312360174504,3,2,1.9802481279554218
Rep-6936,GND,0.21052631578947367,1.420529628144558,365.5655512,1.622971207571006,3,3,2.1342775946794394
Rep-6936,PST,0.3392857142857143,1.705745398548068,117.7317001,1.2006286578481633,3,2,1.8722702695059035
Rep-6936,LLT,0.2375,1.4749237885291326,272.736019,1.464777074102502,3,2,1.89746201754523
Rep-8732,GND,0.21052631578947367,1.420529628144558,82.1059144,1.139917479364533,3,3,1.9538515093406013
Rep-8732,PST,0.3392857142857143,1.705745398548068,28.106715,1.0478955079656944,3,2,1.8096553011329768
Rep-8732,LLT,0.2375,1.4749237885291326,84.95549587,1.1447735532960843,3,2,1.7840626639488515
ITS-Mam-612592,GND,0.2,1.3994700231864856,18.89891039,1.0322041580589862,2,2,1.550412634903523
ITS-Mam-612592,PST,0.35714285714285715,1.7429092594726532,16.4237822,1.0279862033848537,1,1,1.1569524651912106
ITS-Mam-180535,GND,0.2,1.3994700231864856,65.74214089,1.112031386336378,2,2,1.5795564786846248
ITS-Mam-180535,PST,0.35714285714285715,1.7429092594726532,52.6267018,1.0896808964359077,1,1,1.173933587937076
Fis-23051,GND,0.14896907216494845,1.297374361005727,570.2857298,1.9718422024971696,3,3,2.1905087609138656
Fis-23051,PST,0.3464285714285714,1.7206109429179022,157.1281841,1.2677656184724868,2,3,1.9020337775929441
Fis-23051,LLT,0.2425,1.4849242882764826,354.137896,1.6034969306992235,3,3,2.1515613706931163
Fis-23060,GND,0.14896907216494845,1.297374361005727,556.3342165,1.94806692856481,3,3,2.1838757381883926
Fis-23060,PST,0.3464285714285714,1.7206109429179022,157.8156669,1.268937182556061,2,3,1.902473050953163
Fis-23060,LLT,0.2425,1.4849242882764826,352.9248624,1.6014297566580278,3,3,2.150867605162977
ITS-Mam-555654,GND,0.2,1.3994700231864856,381.0374708,1.649337460380975,3,3,2.134906739263929
ITS-Mam-555654,PST,0.35714285714285715,1.7429092594726532,92.67176619,1.1579231261523952,3,1,1.5686243051070092
ITS-Mam-555654,LLT,0.25,1.4999250378975075,226.9563211,1.3867622498530658,1,1,1.2009305461201212
ITS-Mam-180430,GND,0.2,1.3994700231864856,554.0233577,1.944128911246717,3,3,2.2245019567679414
ITS-Mam-180430,PST,0.35714285714285715,1.7429092594726532,252.6147138,1.4304876366257364,3,1,1.6537506775701458
ITS-Mam-180430,LLT,0.25,1.4999250378975075,443.3370894,1.7555044736824303,1,1,1.2738487751522534
ITS-Mam-180417,GND,0.2,1.3994700231864856,746.7812935,2.272614619408656,3,3,2.3130391118911766
ITS-Mam-180417,PST,0.35714285714285715,1.7429092594726532,308.687358,1.5260430396347235,3,1,1.6807019485041865
ITS-Mam-180417,LLT,0.25,1.4999250378975075,563.7911475,1.9607745519894104,1,1,1.3095566917828754
Fis-159132,GND,0.11138613861386136,1.222183596299345,4.966549402,1.0084615222680555,1,2,1.2530155038081248
Fis-23201,GND,0.10714285714285714,1.2136942223063456,9.77267489,1.0166518129966249,1,2,1.2533659147911287
Rep-5181,GND,0.14285714285714285,1.2851464534140915,739.4997867,2.2602059426516807,3,3,2.261183386821854
Rep-5181,PST,0.5,2.040220146869337,198.666949,1.3385533167725263,3,2,2.0119444664751778
Rep-5181,LLT,0.35,1.6999350328445064,448.2289547,1.7638408766981308,3,2,2.0594950116769426
Fis-164471,GND,0.08652694610778443,1.1724487427926524,5.192451812,1.008846490662827,1,2,1.2401871784943073
ITS-Mam-552771,GND,0.11428571428571428,1.2279846685278948,96.03587594,1.163656026170114,2,2,1.5462132470139969
ITS-Mam-552771,PST,0.625,2.3003671733414346,78.50419908,1.1337796671775655,1,1,1.270812436913483
ITS-Mam-180530,GND,0.1,1.1994037760847962,551.3442587,1.939563362603552,2,2,1.746555311238323
ITS-Mam-180530,PST,0.7142857142857143,2.486186477964362,288.7054413,1.4919911390974467,1,1,1.387793937551889
Fis-23277,GND,0.05769230769230769,1.114760363849466,883.458212,2.5055306556617483,3,3,2.239138396340072
Fis-23277,PST,0.6964285714285714,2.4490226170397764,393.3835653,1.6703768825870449,2,3,2.2258178928908174
Fis-23277,LLT,0.4875,1.97494877589663,712.6025723,2.2143694354121823,3,3,2.5047368539576023
ITS-Mam-180438,GND,0.1,1.1994037760847962,119.3334176,1.2033582020564433,3,3,1.8984567643514692
ITS-Mam-180438,PST,0.7142857142857143,2.486186477964362,49.02867744,1.0835493741461857,3,1,1.6860712189676996
ITS-Mam-180438,LLT,0.5,1.9999500252650049,109.5853399,1.1867461534099766,1,1,1.2412070797241792
ITS-Mam-180447,GND,0.1,1.1994037760847962,4.316981607,1.0073545705036355,3,3,1.8159235907759812
ITS-Mam-180447,PST,0.7142857142857143,2.486186477964362,4.270863724,1.0072759793660346,3,1,1.6555826178435584
ITS-Mam-180447,LLT,0.5,1.9999500252650049,9.6991414,1.0165265019403715,1,1,1.1940828540872446
ITS-Mam-180445,GND,0.1,1.1994037760847962,20.81038055,1.0354615628788295,3,3,1.8284600498815495
ITS-Mam-180445,PST,0.7142857142857143,2.486186477964362,18.18721499,1.0309913324158066,3,1,1.6652425226191747
ITS-Mam-180445,LLT,0.5,1.9999500252650049,49.28498357,1.0839861546100864,1,1,1.2134188009329079
ITS-Mam-180455,GND,0.1,1.1994037760847962,45.55842679,1.0776355956159598,3,3,1.8468004102987512
ITS-Mam-180455,PST,0.7142857142857143,2.486186477964362,43.91093521,1.0748280461570952,3,1,1.6826681960561012
ITS-Mam-180455,LLT,0.5,1.9999500252650049,89.9875142,1.153348796114253,1,1,1.2323808823171025
ITS-Mam-180426,GND,0.1,1.1994037760847962,1173.61662,3,3,3,2.3855157814270656
ITS-Mam-180426,PST,0.7142857142857143,2.486186477964362,365.5050237,1.6228680604885355,3,1,1.865239233968011
ITS-Mam-180426,LLT,0.5,1.9999500252650049,742.2551115,2.2649013904130806,1,1,1.4588717363633374
Fis-23061,GND,0.07882096069868995,1.1570316669824734,833.5067334,2.4204065503762378,3,3,2.2406241810175223
Fis-23061,PST,0.8178571428571428,2.7017368713269576,387.4021888,1.6601838044798778,3,2,2.277653305003514
Fis-23061,LLT,0.5725,2.1449572716015792,690.6639318,2.176983011704938,3,2,2.30068008883358
ITS-Mam-180528,GND,0.08,1.1593905266644584,425.1915425,1.7245819967494098,2,2,1.6816801452618584
ITS-Mam-180528,PST,0.8928571428571429,2.857825087210216,248.3918207,1.423291253116603,1,1,1.4201439113863858
ITS-Mam-180527,GND,0.08,1.1593905266644584,179.7172576,1.306260468371007,2,2,1.56884443189959
ITS-Mam-180527,PST,0.8928571428571429,2.857825087210216,115.5882834,1.1969759846149526,1,1,1.359972950182873
ITS-Mam-180429,GND,0.08,1.1593905266644584,566.4936376,1.965379962244583,3,3,2.1280395503394245
ITS-Mam-180429,PST,0.8928571428571429,2.857825087210216,232.2913675,1.3958538936679237,3,1,1.859941202819962
ITS-Mam-180429,LLT,0.625,2.2499625189487533,425.335019,1.7248265001962406,1,1,1.4035573890187674
ITS-Mam-180526,GND,0.06666666666666667,1.1327150270509,62.6882063,1.1068270669276183,2,2,1.4964599771449738
ITS-Mam-180526,PST,0.9333333333333332,2.9420631719726096,58.17620643,1.0991380062081606,1,1,1.3409915916527486
Fis-31568,GND,0.06666666666666667,1.1327150270509,892.3694496,2.520716615095722,3,3,2.251499209824
Fis-31568,PST,0.9333333333333332,2.9420631719726096,380.9945419,1.649264303703619,3,2,2.322861820698053
Fis-31568,LLT,0.75,2.499975012632502,646.2210262,2.1012462631337265,3,2,2.369414097550614
ITS-Mam-180461,GND,0.05,1.0993706525339515,700.6878302,2.1940650962935777,2,2,1.762436221509949
ITS-Mam-180461,PST,0.7,2.4564553892246934,272.7534831,1.464806835301345,1,1,1.3772802183735773
ITS-Mam-180461,LLT,1,3,484.1182244,1.8250010677112332,2,1,1.8190875156347852
ITS-Mam-552461,GND,0.05,1.0993706525339515,42.99533267,1.0732677350472126,2,2,1.4739340475921736
ITS-Mam-552461,PST,0.7,2.4564553892246934,36.18135736,1.0616557954618786,1,1,1.270788143192579
ITS-Mam-552461,LLT,1,3,78.44022671,1.1336706495686406,2,1,1.614951701390547
ITS-Mam-180491,GND,0.05,1.0993706525339515,301.180177,1.5132497833838183,2,2,1.6061225800895504
ITS-Mam-180491,LLT,1,3,288.6114099,1.491830896817977,1,1,1.4544882361531748
ITS-Mam-180469,GND,0.04,1.0793640278237828,498.2216211,1.8490351715900744,2,2,1.6809054136957784
ITS-Mam-180469,PST,0.56,2.165090719575944,216.86860480000001,1.3695714108933643,1,1,1.3122458109483182
ITS-Mam-180469,LLT,0.8,2.5999800101060018,455.2585966,1.7758203414504523,2,1,1.743210197272103
ITS-Mam-180459,GND,0.04,1.0793640278237828,653.9550469,2.1144260850488905,2,2,1.7382214698076155
ITS-Mam-180459,PST,0.56,2.165090719575944,250.218809,1.426404689370412,1,1,1.3256525577612222
ITS-Mam-180459,LLT,0.8,2.5999800101060018,464.1297551,1.7909380006534064,2,1,1.74690842371753
Fis-23054,GND,0.04,1.0793640278237828,733.1213413,2.249336205198354,3,3,2.162052352278911
Fis-23054,PST,0.56,2.165090719575944,322.9888238,1.5504146801670284,3,3,2.3444534816373044
Fis-23054,LLT,0.8,2.5999800101060018,555.6992053,1.9469847832157376,3,3,2.5980276505158235
Fis-25899,GND,0.03389830508474576,1.0671565957972389,529.0343388,1.9015442283615696,3,3,2.067256058571339
Fis-25899,PST,0.4745762711864407,1.987308887247893,315.3828696,1.5374531009652954,3,2,2.0692102710162863
Fis-25899,LLT,0.6779661016949152,2.355900016272376,544.030157,1.9270991397090629,3,2,2.2845624841691246
ITS-Mam-180440,GND,0.03333333333333333,1.0660262780170031,190.8276226,1.3251940396391149,3,3,1.888306436248058
ITS-Mam-180440,PST,0.4666666666666667,1.9708476064767773,102.5536753,1.1747632417020777,3,1,1.623421009151232
ITS-Mam-180440,LLT,0.6666666666666666,2.3333000168433364,181.371207,1.3090790228324265,1,1,1.3220080873706939
Fis-23899,GND,0.03076923076923077,1.0608963742451651,1159.926183,2.976669635549234,3,3,2.308934047997698
Fis-23899,PST,0.4307692307692308,1.8961387168232515,477.1961433,1.813204901173908,3,2,2.131164926567175
Fis-23899,LLT,0.6153846153846154,2.2307307886653884,847.9818137,2.445074053601526,3,2,2.3917875847764867
ITS-Mam-180434,GND,0.02857142857142857,1.056499313869304,710.1498631,2.210189685742559,3,3,2.141091952594258
ITS-Mam-180434,PST,0.4,1.8321025256916583,338.5047505,1.5768559270536235,3,1,1.715796433483841
ITS-Mam-180434,LLT,0.5714285714285714,2.142814307370004,575.2103613,1.9802344435688553,1,1,1.435242502715116
Fis-23898,GND,0.0273972602739726,1.054150199421926,863.8284599,2.4720788914433243,3,3,2.200654340517925
Fis-23898,PST,0.3835616438356164,1.797891409881629,381.5952761,1.6502880363882688,3,2,2.054085963067028
Fis-23898,LLT,0.547945205479452,2.095845228321785,653.2527005,2.113229191371743,3,2,2.2704621427498672
ITS-Mam-180466,GND,0.025,1.0493540907585293,626.4895664,2.0676211751778313,2,2,1.7163792503608717
ITS-Mam-180466,PST,0.35,1.7280437151028192,281.2308787,1.4792534690312489,1,1,1.2644432149012494
ITS-Mam-180466,LLT,0.5,1.9999500252650049,523.5535867,1.8922042822402516,2,1,1.6586482318302997
Fis-23129,GND,0.02259073842302878,1.04453397153862,533.5274974,1.9092011809974203,3,3,2.0582787637194624
Fis-23129,PST,0.34793938852136597,1.7237552195117718,147.4306319,1.2512396721417502,3,3,2.099010699512802
Fis-23129,LLT,0.4981257822277847,1.9962014023935013,375.6833172,1.6402132553016644,3,3,2.3298973948437296
ITS-Mam-180524,GND,0.02,1.0393507784034448,142.9762213,1.2436487513616936,2,2,1.5079257892650484
ITS-Mam-180524,PST,0.28,1.5823613802784444,88.05700843,1.1500589520290416,1,1,1.1614658485054699
ITS-Mam-612597,GND,0.02,1.0393507784034448,946.1733285,2.6124057338288855,2,2,1.8153722451358496
ITS-Mam-612597,PST,0.28,1.5823613802784444,409.1593661,1.6972609902431182,1,1,1.2801580044953338
ITS-Mam-180525,GND,0.02,1.0393507784034448,674.6702927,2.149727677993017,2,2,1.729025491580995
ITS-Mam-180525,PST,0.28,1.5823613802784444,305.7594148,1.5210534266700573,1,1,1.2455539287002295
ITS-Mam-180457,GND,0.02,1.0393507784034448,724.3651654,2.234414491965824,2,2,1.745807959122726
ITS-Mam-180457,PST,0.28,1.5823613802784444,258.0274466,1.439711668619647,1,1,1.2285569691067697
ITS-Mam-180457,LLT,0.4,1.799940030318006,529.618858,1.902540328483463,2,1,1.6177279003719904
ITS-Mam-180495,GND,0.02,1.0393507784034448,44.44329244,1.075735255196069,2,2,1.454225931883811
ITS-Mam-180495,LLT,0.4,1.799940030318006,78.86443271,1.13439355421969,1,1,1.1953785167329969
ITS-Mam-180516,GND,0.02,1.0393507784034448,69.39421305,1.1182550134195235,2,2,1.4683877329800248
ITS-Mam-180516,LLT,0.4,1.799940030318006,116.4055527,1.198368722525614,1,1,1.2118869957668181
ITS-Mam-180500,GND,0.02,1.0393507784034448,6.672253998,1.0113682746142392,2,2,1.4319665256144773
ITS-Mam-180500,LLT,0.4,1.799940030318006,14.65455388,1.0249711979834764,1,1,1.1654467211282251
Fis-23273,GND,0.02,1.0393507784034448,994.9827528,2.6955836234427153,3,3,2.2408581511685743
Fis-23273,PST,0.28,1.5823613802784444,383.6261849,1.6537489808760355,2,3,1.9905891323012397
Fis-23273,LLT,0.4,1.799940030318006,678.6571516,2.156521827160847,3,3,2.431160331243937
Fis-23047,GND,0.02,1.0393507784034448,567.8951663,1.9677683575426443,3,3,2.0713078778485414
Fis-23047,PST,0.28,1.5823613802784444,162.0180078,1.2760985423244424,2,3,1.8656719602841874
Fis-23047,LLT,0.4,1.799940030318006,379.1857746,1.6461819185090758,3,3,2.272451343248549
Fis-23071,GND,0.01666666666666666,1.0326819035000552,884.3969555,2.5071304021110974,3,3,2.1970831826372477
Fis-23071,PST,0.23333333333333336,1.485239823728861,384.3614051,1.6550018959741852,3,3,2.1687495280757476
Fis-23071,LLT,0.3333333333333333,1.6666000336866733,716.5571657,2.221108599784846,3,3,2.4024863139449044
ITS-Mam-180502,GND,0.01333333333333333,1.0260130285966655,850.2360791,2.448915628077984,2,2,1.7805192460082997
ITS-Mam-180502,LLT,0.26666666666666666,1.5332600370553404,631.9425797,2.0769138506157208,1,1,1.335852706619451
Fis-35514,GND,0.01054852320675105,1.0204415634875046,845.5969327,2.4410098923989505,3,3,2.1759556885855185
Fis-35514,PST,0.14767932489451477,1.306978738922664,367.5463845,1.6263468166041737,2,2,1.7075971430450996
Fis-35514,LLT,0.2109704641350211,1.421862065186126,628.0176345,2.070225210803472,1,2,1.557672899414358
Fis-30583,GND,0.01037344398340249,1.0200912890558964,1164.234048,2.984010822719132,3,3,2.28781280057182
Fis-30583,PST,0.14522821576763487,1.3018775489153325,441.8806018,1.7530224209527754,2,2,1.7382186283244467
Fis-30583,LLT,0.2074688796680498,1.4148585462706718,758.3028244,2.2922488732259563,1,2,1.5958835439842745
Fis-22747,GND,0.01,1.019344153693276,33.36144584,1.056850283155696,3,3,1.7645915836289383
Fis-22747,PST,0.14,1.2909967106296945,25.3521907,1.04320142436504,2,2,1.5234854981971147
Fis-22747,LLT,0.2,1.399920040424008,69.46771661,1.118380273470991,1,2,1.3302420776405708
ITS-Mam-180475,GND,0.2,1.3994700231864856,4.452242453,1.0075850733599798,3,3,1.8874348022468905
ITS-Mam-180475,PST,0.35714285714285715,1.7429092594726532,4.219808506,1.007188974338872,1,1,1.1510559523614323
ITS-Mam-180475,LLT,0.25,1.4999250378975075,9.418413812,1.0160481039944604,1,1,1.111081601497377
ITS-Mam-180463,GND,0.02,1.0393507784034448,549.2317196,1.9359633089953665,2,2,1.6843402028818304
ITS-Mam-180463,PST,0.28,1.5823613802784444,258.7154264,1.440884079658737,1,1,1.2288070077319717
ITS-Mam-180463,LLT,0.4,1.799940030318006,473.1319463,1.80627895737754,2,1,1.5968650416365198
ITS-Mam-180505,GND,0.01,1.019344153693276,53.82630786,1.0917251881248542,2,2,1.452524744450817
ITS-Mam-180505,LLT,0.2,1.399920040424008,91.724153,1.1563082645463667,1,1,1.1279613407855356
ITS-Mam-180492,GND,0.01,1.019344153693276,671.2037083,2.14382014725084,2,2,1.7194608580149058
ITS-Mam-180492,LLT,0.2,1.399920040424008,517.0996201,1.8812058464028072,1,1,1.273898680037042
ITS-Mam-180513,GND,0.01,1.019344153693276,81.37971734,1.1386799409227086,2,2,1.4678971405414372
ITS-Mam-180513,LLT,0.2,1.399920040424008,139.380902,1.2375218388616855,1,1,1.1472657423013877
ITS-Mam-180517,GND,0.01,1.019344153693276,546.8493876,1.931903491635064,2,2,1.6752960471928413
ITS-Mam-180517,LLT,0.2,1.399920040424008,471.8718892,1.8041316489043504,1,1,1.2606451692760108
ITS-Mam-180510,GND,0.01,1.019344153693276,1082.070536,2.8439930366166934,2,2,1.8453440085890704
ITS-Mam-180510,LLT,0.2,1.399920040424008,728.5366224,2.241523221373125,1,1,1.3309496251528965
ITS-Mam-180511,GND,0.01,1.019344153693276,69.84524276,1.1190236293163296,2,2,1.4615208697567683
ITS-Mam-180511,LLT,0.2,1.399920040424008,114.6229141,1.1953308641853724,1,1,1.1373597135224711
ITS-Mam-180508,GND,0.01,1.019344153693276,87.18122436,1.148566497001253,2,2,1.4710730623501143
ITS-Mam-180508,LLT,0.2,1.399920040424008,145.2497923,1.2475232252031565,1,1,1.1495767391553968
Rep-4381,GND,0.01,1.019344153693276,984.5215993,2.6777563967639457,3,3,2.226299572061743
Rep-4381,PST,0.14,1.2909967106296945,354.8404113,1.6046941122049154,3,2,1.8776608939347055
Rep-4381,LLT,0.2,1.399920040424008,643.1333094,2.09598437424992,3,2,2.048380488677285
ITS-Mam-180488,GND,0.008,1.015342828751242,516.3778602,1.879975869484397,2,2,1.6622878976867848
ITS-Mam-180488,LLT,0.16,1.3199160424452083,491.2498779,1.8371543740879093,1,1,1.2478804751720216
ITS-Mam-180507,GND,0.008,1.015342828751242,27.21161551,1.0463701368382867,2,2,1.435785319242467
ITS-Mam-180507,LLT,0.16,1.3199160424452083,55.92782454,1.095306458031999,1,1,1.0965299264495865
ITS-Mam-180498,GND,0.00666666666666666,1.0126752787898865,632.4810765,2.077831522316016,2,2,1.7032764137155025
ITS-Mam-180498,LLT,0.13333333333333333,1.266580043792675,546.9674184,1.9321046321523767,1,1,1.2507364905515514
Fis-29459,GND,0.35,1.6995693938390195,22.27189294,1.0379521785332468,1,2,1.370523733036623
Fis-161453,GND,0.5,1.9996687644915536,18.55538787,1.0316187490184534,1,3,1.577246731247579
Fis-161453,PST,0.03571428571428571,1.0739597628301156,11.07575018,1.0188724303094605,1,2,1.2162824890374668
Fis-161453,LLT,0.025,1.0499025492667595,47.21603922,1.08046039237811,1,2,1.2272893321260199
Fis-132130,GND,0.45,1.899635640940709,61.4300002,1.1046829128098807,1,2,1.4313125699611817
Fis-64122,GND,0.6,2.199735011593243,50.67804609,1.086360122387324,1,2,1.4785756324224635
Fis-23322,GND,0.22848101265822784,1.4564509163483592,470.8373716,1.802368690377991,3,3,2.2046796796427377
Fis-23322,PST,0.28214285714285714,1.5868210435893944,127.0868984,1.2165711866256004,3,3,2.0416298029766473
Fis-23322,LLT,0.1975,1.394919790550333,280.6021881,1.47818209484321,3,3,2.0755343278002045
Fis-23070,GND,0.12985611510791367,1.2591357851115597,494.4217668,1.8425597036646304,3,3,2.1376380009198668
Fis-23070,PST,0.49642857142857144,2.0327873746844194,141.0016636,1.2402838368034463,2,3,1.972155124006134
Fis-23070,LLT,0.3475,1.6949347829708314,322.55222,1.5496706479805766,3,3,2.205000677425126
Fis-23059,GND,0.1195364238410596,1.238489566081484,368.8234528,1.6285231144730816,3,3,2.0641069548561295
Fis-23059,PST,0.5392857142857143,2.1219806409034243,118.5201503,1.2019722840974407,2,3,1.9778656149062361
Fis-23059,LLT,0.3775,1.7549377814549312,263.759466,1.4494798083540368,3,3,2.1874044978421643
Fis-23274,GND,0.06036789297658862,1.120113306915732,1105.870555,2.8845515021503476,3,3,2.3221789870417022
Fis-23274,PST,0.9297778308647876,2.9346635448141587,425.9033059,1.725794938273827,2,3,2.347873475963969
Fis-23274,LLT,0.7475,2.4949747627588277,731.5055423,2.2465826642011466,3,3,2.6650647647016674
Fis-20033,GND,0.0475,1.0943689963564094,800.5628172,2.3642656418441357,3,3,2.196724735746625
Fis-20033,PST,0.7315883458646616,2.522196303207605,379.1188153,1.6460678107656657,3,3,2.472391712327352
Fis-20033,LLT,0.95,2.8999950025265004,656.984253,2.1195882637514023,3,3,2.727236598113447
Fis-23222,GND,0.01806806806806806,1.0354856346906696,486.6164411,1.8292583683429071,3,3,2.031961193699827
Fis-23222,PST,0.2782818532818533,1.578785614200295,267.4294371,1.455733937662457,3,3,2.1326123466120284
Fis-23222,LLT,0.3984009009009009,1.7967416722907004,491.1879151,1.837048781059258,3,3,2.334598540580095
Fis-28560,GND,0.8,2.599867505796621,473.410285,1.8067532843337764,1,3,1.937504995413769
Fis-28560,PST,0.05714285714285714,1.118556395939618,113.3572971,1.1931740808872873,1,2,1.2781973798253017
Fis-28560,LLT,0.04,1.0799040485088094,201.4698905,1.343329909859305,1,2,1.3051170472642089
Fis-140161,GND,0.8,2.599867505796621,205.087938,1.3494955542996676,3,3,2.3705072937167797
Fis-140161,PST,0.05714285714285714,1.118556395939618,43.00655482,1.0732868591153064,2,3,1.6382539998703678
Fis-140161,LLT,0.04,1.0799040485088094,104.4602014,1.1780122211720463,3,3,1.8394770284611586
Fis-25892,GND,0.9,2.799933752898311,372.0030634,1.6339416028755718,1,2,1.7392161943264999
Fis-23063,GND,0.2219178082191781,1.443320159537541,569.1537325,1.9699131253197004,3,3,2.24912226702943
Fis-23063,PST,0.26071428571428573,1.542224410479892,153.9178734,1.262294812929085,2,3,1.8486934615801263
Fis-23063,LLT,0.1825,1.3649182913082831,329.0534479,1.56074962349352,3,3,2.09252473586776
Fis-25233,GND,0.01475409836065573,1.0288554998669628,87.87327491,1.1497458451513414,3,3,1.8063407748408336
Fis-25233,PST,0.2513791308873276,1.5227963083207736,34.47184075,1.058742546925989,3,3,1.9517252138946053
Fis-25233,LLT,0.3606648451730418,1.7212657891362126,91.37862355,1.1557194354244786,3,3,2.057006745227003
Fis-25603,GND,0.85,2.699900629347466,443.6691581,1.756070363857718,1,3,1.9420157023585565
Fis-25603,PST,0.06071428571428571,1.125989168124535,124.3131991,1.2118444262200827,1,2,1.285294856277003
Fis-25603,LLT,0.0425,1.0849042983824844,279.8031121,1.4768203607872512,1,2,1.3379419602746896
Fis-6035,GND,0.85,2.699900629347466,454.3059129,1.7741968390065708,1,3,1.9470078790157417
Fis-6035,PST,0.06071428571428571,1.125989168124535,127.4379558,1.217169436125243,1,2,1.2867044759071895
Fis-6035,LLT,0.0425,1.0849042983824844,279.0986215,1.4756198131020208,1,2,1.3376699649352266
Fis-23138,GND,0.85,2.699900629347466,66.11209284,1.1126618347159858,1,3,1.732638883898748
Fis-23138,PST,0.06071428571428571,1.125989168124535,14.92495798,1.025432003303422,1,2,1.2327294429543514
Fis-23138,LLT,0.0425,1.0849042983824844,17.96735384,1.0306166591487615,1,2,1.2228681841785907
Fis-26932,GND,0.6568181818181817,2.313409015628294,594.8150958,2.0136435743983174,1,3,1.9334772651047722
Fis-26932,PST,0.07857142857142857,1.1631530290491203,147.1427555,1.2507490916490478,1,2,1.306048371368594
Fis-26932,LLT,0.055,1.1099055477508593,308.4972448,1.5257190609156437,1,2,1.356586989018083
Fis-29500,GND,0.43787878787878787,1.8753851867465643,622.3442945,2.0605570687380936,3,3,2.4284513608733107
Fis-29500,PST,0.11785714285714284,1.2449135230832085,150.7607541,1.2569146527571675,2,3,1.7504473638892464
Fis-29500,LLT,0.0825,1.164908296361284,296.4060124,1.5051139583501878,3,3,1.9930853998525329
Fis-54720,GND,0.45714285714285713,1.913926087162258,10.06690993,1.0171532294756886,1,2,1.4047058303294857
Fis-159582,GND,0.35555555555555557,1.710684185344669,513.1001153,1.8743901469034712,1,2,1.5913472472083139
Fis-26906,GND,0.35555555555555557,1.710684185344669,432.7810662,1.737515576147111,1,3,1.7280446128389744
Fis-26906,PST,0.12857142857142856,1.2672118396379597,112.8497393,1.192309133445958,1,2,1.318460192995338
Fis-26906,LLT,0.09,1.179909045982309,222.2685052,1.3787735747344338,1,2,1.3430521283125259
Fis-23055,GND,0.35555555555555557,1.710684185344669,22.96017858,1.0391251107652442,1,3,1.5196365611374354
Fis-23055,PST,0.12857142857142856,1.2672118396379597,8.391202782,1.014297596855956,1,2,1.2662257862245054
Fis-23055,LLT,0.09,1.179909045982309,29.8753931,1.0509095757174465,1,2,1.254905344512144
Fis-23068,GND,0.35555555555555557,1.710684185344669,447.3743847,1.7623845733274868,3,3,2.2823290503010663
Fis-23068,PST,0.12857142857142856,1.2672118396379597,129.9930313,1.221523631876206,2,3,1.7457240153885702
Fis-23068,LLT,0.09,1.179909045982309,272.9236951,1.4650968996721092,3,3,1.9860462018869525
Fis-24448,GND,0.5625,2.1247101689301093,426.3491235,1.7265546720271443,1,3,1.8213789856202205
Fis-24448,PST,0.07142857142857142,1.1482874846792863,119.8965839,1.204317913936012,1,2,1.2896012439397908
Fis-24448,LLT,0.05,1.0999050480035093,236.4094761,1.402871710154412,1,2,1.3254116606657924
Fis-28559,GND,0.3515625,1.7026954289499834,443.6360668,1.7560139717871688,1,3,1.7305993966859723
Fis-28559,PST,0.11428571428571428,1.2374807508982917,111.3322792,1.1897231752933808,1,2,1.309946601059176
Fis-28559,LLT,0.08,1.159908046487609,193.7142805,1.3301132968441027,1,2,1.3253651536316011
Fis-23126,GND,0.3214285714285714,1.6424076089528226,50.6185859,1.0862587941460844,1,2,1.3743934044583228
Fis-23292,GND,0.25,1.49950314673733,3.886037341,1.00662018293195,1,2,1.3181376128829674
Fis-25894,GND,0.25,1.49950314673733,16.61998866,1.0283205658467236,1,2,1.3251848879753503
Fis-31576,GND,0.25,1.49950314673733,65.20399026,1.111114304556789,1,2,1.351089220328391
Fis-47368,GND,0.25,1.49950314673733,92.60605612,1.157811147266609,1,3,1.510694300410075
Fis-47368,PST,0.16071428571428573,1.3341067893022136,27.19825203,1.04634736365298,1,2,1.2926296653648723
Fis-47368,LLT,0.1125,1.2249112948453835,69.0195128,1.1176164732916742,1,2,1.2863432068631782
Fis-148497,GND,0.25,1.49950314673733,291.7460775,1.4971727962431018,1,3,1.6109614237563783
Fis-148497,PST,0.16071428571428573,1.3341067893022136,69.03356761,1.1176404245972158,1,2,1.3141068311485171
Fis-148497,LLT,0.1125,1.2249112948453835,68.06367913,1.1159876028709992,1,2,1.2858742551719986
Fis-23046,GND,0.25,1.49950314673733,370.7440872,1.6317961364028184,3,3,2.166276796241728
Fis-23046,PST,0.16071428571428573,1.3341067893022136,102.0366804,1.173882212160348,2,3,1.7508203733661145
Fis-23046,LLT,0.1125,1.2249112948453835,233.9531483,1.3986857938988135,3,3,1.981603807981502
Fis-8339,GND,0.19396551724137936,1.3873970599993148,384.4716783,1.6551898164872525,1,3,1.6201023708640565
Fis-8339,PST,0.20714285714285716,1.4307328277061355,111.3954003,1.1898307422225836,1,2,1.3583710927996047
Fis-8339,LLT,0.145,1.2899145432031585,248.3570944,1.4232320747839449,1,2,1.3842567961582481
Fis-25888,GND,0.17307692307692307,1.345606033582185,632.9025389,2.078549751499956,1,3,1.7019621640672151
Fis-25888,PST,0.23214285714285715,1.4827622330005554,165.3795832,1.2818271234654777,1,2,1.3963128735698545
Fis-25888,LLT,0.1625,1.3249162923188833,363.665298,1.619732917974791,1,2,1.4393468483412863
Fis-29298,GND,0.15000000000000002,1.299436899635641,2.147505187,1.003657487967414,1,3,1.4064214931200747
Fis-29298,PST,0.26785714285714285,1.557089954849726,1.291586207,1.002198885751595,1,2,1.329151248483203
Fis-29298,LLT,0.1875,1.374918791055633,6.370703448,1.0108543915123462,1,2,1.291216036866309
Fis-15849,GND,0.11842105263157894,1.2362580847614233,46.51642488,1.0792681545023444,1,3,1.4144576229318873
Fis-15849,PST,0.3392857142857143,1.705745398548068,14.98157398,1.0255284846585273,1,2,1.3676437430543764
Fis-15849,LLT,0.2375,1.4749237885291326,23.13052994,1.03941541262438,1,2,1.3232660858778944
Fis-23056,GND,0.0400355871886121,1.079435225776488,216.0973848,1.3682571472455556,3,3,1.9094210469249284
Fis-23056,PST,0.9611718352821554,3,62.37701083,1.1062967475718133,3,3,2.337808051033187
Fis-23056,LLT,0.7025,2.404970265032678,141.6004218,1.2413042021156628,3,3,2.276709457095804
Fis-25062,GND,0.03813559322033898,1.0756339791490055,52.14565869,1.0888611336282754,3,3,1.8018551677614438
Fis-25062,PST,0.9155569007263922,2.9050672833007907,26.6489426,1.0454112657623034,2,3,2.066087239428601
Fis-25062,LLT,0.7375,2.474973763264128,94.30333003,1.1607035325785664,3,3,2.2549327995537096
Fis-31602,GND,0.03260869565217391,1.064576522603223,12.90903209,1.0219965917296765,3,3,1.768956731773481
Fis-31602,PST,0.7828674948240165,2.6289172481819723,10.65974205,1.0181634959425456,2,3,2.0018725390473993
Fis-31602,LLT,0.8625,2.7249862569478767,42.14325098,1.0718156720948375,3,3,2.2642883506155482
Fis-23050,GND,0.03169014084507042,1.062738804473079,86.11338377,1.146746751573111,3,3,1.8198439182430612
Fis-23050,PST,0.760814889336016,2.5830218902326476,34.93020572,1.059523663102307,2,3,2.013017263612568
Fis-23050,LLT,0.8875,2.774988755684626,132.9563329,1.226573500357799,3,3,2.3526066956132903
Fis-25412,GND,0.01817447495961227,1.0356985189652397,6.520161229,1.0111090878745397,3,3,1.7521386496065419
Fis-25412,PST,0.4363316408954535,1.907715072458093,6.732913376,1.0114716464347369,3,3,2.0413968175594617
Fis-25412,LLT,0.6301494345718902,2.26026190277579,5.530924036,1.009423293312909,3,3,2.1287205325369745
Fis-25664,GND,0.22272727272727272,1.4449396248005058,323.3693304,1.551063115104052,1,2,1.4550479041709474
Fis-25664,PST,0.15714285714285714,1.3266740171172966,85.29571093,1.1453533259754691,1,2,1.3203328391555917
Fis-25664,LLT,0.11,1.2199110449717088,197.0050339,1.3357211876761923,1,2,1.343595354222588
Fis-25905,GND,0.22272727272727272,1.4449396248005058,10.11497903,1.0172351457521245,1,3,1.4490990712617813
Fis-25905,PST,0.15714285714285714,1.3266740171172966,5.928693231,1.0101011460568818,1,2,1.27949846962055
Fis-25905,LLT,0.11,1.2199110449717088,6.61003212,1.011262240081481,1,2,1.2533012925845917
Fis-23057,GND,0.22272727272727272,1.4449396248005058,404.1097013,1.6886556754428526,3,3,2.164752892417461
Fis-23057,PST,0.15714285714285714,1.3266740171172966,104.4407934,1.1779791473035306,3,3,1.9365828606824878
Fis-23057,LLT,0.11,1.2199110449717088,181.6172986,1.3094983963495952,3,3,1.9472374385890607
Fis-23052,GND,0.22272727272727272,1.4449396248005058,83.5280283,1.142340954639829,3,3,1.963233650462949
Fis-23052,PST,0.15714285714285714,1.3266740171172966,24.9459515,1.0425091375819238,2,3,1.6972617973296402
Fis-23052,LLT,0.11,1.2199110449717088,65.06296404,1.1108739767199411,3,3,1.8687829644643528
Fis-24046,GND,0.2,1.3994700231864856,8.827375064,1.0150408936771154,1,3,1.436786036350532
Fis-24046,PST,0.175,1.3638378780418818,5.2287779,1.0089083952515636,1,2,1.287985933197178
Fis-24046,LLT,0.1225,1.2449122943400837,5.766357673,1.0098245042132754,1,2,1.2592259475026923
Fis-25889,GND,0.18490566037735848,1.3692713443786833,557.8394137,1.9506319890699109,3,3,2.2142509656705833
Fis-25889,PST,0.18928571428571428,1.3935689667815503,122.5185749,1.208786142789235,2,3,1.783024445316341
Fis-25889,LLT,0.1325,1.2649132938347836,220.7012706,1.3761027940721475,3,3,1.9894752273574434
Fis-21801,GND,0.1814814814814815,1.3624207181676542,615.6841383,2.049207257812041,1,3,1.7011969477501436
Fis-21801,PST,0.1928571428571429,1.4010017389664675,159.365583,1.2715784501416838,1,2,1.3738931470809772
Fis-21801,LLT,0.135,1.2699135437084583,354.4061683,1.603954103142371,1,2,1.420689013181004
Fis-25470,GND,0.4694444444444445,1.9385374112104816,317.294854,1.540711382119957,1,2,1.5633505412727695
Fis-29411,GND,0.4694444444444445,1.9385374112104816,9.971591418,1.0169907937825209,1,3,1.5594739183979567
Fis-29411,PST,0.06428571428571428,1.1334219403094523,5.932543645,1.0101077076854046,1,2,1.2301195593462504
Fis-29411,LLT,0.045,1.0899045482561591,6.512950989,1.011096800646091,1,2,1.218436215968423
Fis-61250,GND,0.2057142857142857,1.410902380163725,5.123272033,1.0087285989215558,1,3,1.4374678450883203
Fis-61250,PST,0.125,1.2597790674530427,4.402010191,1.0074994707616372,1,2,1.2622410574227645
Fis-61250,LLT,0.0875,1.174908796108634,15.71512308,1.0267785519752632,1,2,1.246314749731798
Fis-161480,GND,0.11612903225806452,1.2316725256173269,362.919888,1.6184626380731892,1,3,1.5637949154338187
Fis-161480,PST,0.22142857142857145,1.460463916445804,114.4651565,1.195062023804099,1,2,1.3668719087487882
Fis-161480,LLT,0.155,1.3099155426978584,264.3547228,1.4504942068049993,1,2,1.3961989992379336
Fis-27676,GND,0.11612903225806452,1.2316725256173269,296.2297726,1.5048136217893655,3,3,2.0209479081278436
Fis-27676,PST,0.22142857142857145,1.460463916445804,73.90074555,1.1259347569977762,3,3,1.9613795443882969
Fis-27676,LLT,0.155,1.3099155426978584,131.2354382,1.223640862010872,3,3,1.948879305476844
Fis-31573,GND,0.0935064935064935,1.1864124613379334,310.0240562,1.5283209549537655,1,2,1.3799713366276116
Fis-23311,GND,0.02236024844720497,1.0440728388940437,356.7003997,1.6078637851120838,3,3,1.97154021531052
Fis-23311,PST,0.8205856255545697,2.7074153246110866,109.8706287,1.187232324280762,2,3,2.095609996260171
Fis-23311,LLT,0.805,2.6099805098533517,262.383124,1.4471343346143093,3,3,2.414610891963354
Fis-160925,GND,0.2326923076923077,1.4648762962774224,0.038236751,1.0000630080149937,1,2,1.3083217990611589
Fis-23128,GND,0.14756097560975612,1.294557235072185,448.4900672,1.764285847869442,3,3,2.1292819816732287
Fis-23128,PST,0.14642857142857144,1.3043757005625451,114.8472436,1.1957131521278286,2,3,1.749021866319434
Fis-23128,LLT,0.1025,1.2049102953506838,223.7809471,1.3813509811925044,3,3,1.9673214007905768
Fis-27240,GND,0.0852112676056338,1.169816514189476,569.5606013,1.970606485026746,3,3,2.1342242058907903
Fis-27240,PST,0.25357142857142856,1.5273588661100581,141.8744412,1.2417711683979358,3,3,2.032620460757545
Fis-27240,LLT,0.1775,1.3549177915609332,299.2894791,1.510027777316861,3,3,2.0715007641159313
Fis-28555,GND,0.07960526315789475,1.1586007914785308,218.2939402,1.3720003760422914,1,3,1.4777546224016207
Fis-28555,PST,0.2714285714285714,1.5645227270346431,66.62192797,1.113530663037003,1,2,1.3662447720948614
Fis-28555,LLT,0.19,1.379919040929308,179.0633454,1.3051461131502933,1,2,1.3776398104106151
Fis-23193,GND,0.07289156626506026,1.145168950063254,466.0263834,1.79417011292759,3,3,2.0736904274142525
Fis-23193,PST,0.29642857142857143,1.6165521323290628,132.862658,1.2264138656027588,3,3,2.0552625984001027
Fis-23193,LLT,0.2075,1.414920790045033,296.6498398,1.5055294733629725,3,3,2.092502448459585
Fis-161494,GND,0.0375776397515528,1.0745177025834312,458.39477,1.7811648069633352,1,3,1.5479599987906196
Fis-161494,PST,0.575,2.1963083627525952,134.9452144,1.2299628246170895,1,2,1.524592658038473
Fis-161494,LLT,0.4025,1.804940280191681,303.5448012,1.5172794242473715,1,2,1.5298174142324803
Fis-29505,GND,0.15,1.299436899635641,452.6035667,1.7712958098233988,1,3,1.621033112844116
Fis-29505,PST,0.01071428571428571,1.021930357535696,123.9226984,1.211178959978992,1,2,1.254338936222705
Fis-29505,LLT,0.0075,1.014900800151035,261.0194628,1.4448104706804283,1,2,1.3086277267224542
Fis-161456,GND,0.09803921568627452,1.195480908494567,169.3093198,1.2885239284742231,1,2,1.3248486945867495
Fis-161456,PST,0.1821428571428571,1.378703422411716,46.54533792,1.0793174262502498,1,2,1.3134468690558678
Fis-161456,LLT,0.1275,1.2549127940874336,111.2243646,1.189539274155122,1,2,1.314484840871046
Fis-159584,GND,0.05555555555555555,1.110485444039601,208.5454062,1.3553875497986378,1,2,1.317199597997667
Fis-23202,GND,0.05555555555555555,1.110485444039601,13.58076851,1.0231413218426344,1,2,1.227777365456247
Fis-23220,GND,0.05555555555555555,1.110485444039601,11.05273863,1.018833215502214,1,3,1.3573264276481758
Fis-23220,PST,0.32142857142857145,1.6685815376234825,6.538386755,1.0111401466467238,1,2,1.35533669235479
Fis-23220,LLT,0.225,1.4499225391607578,7.232565713,1.0123231218931816,1,2,1.3089512985455982
Fis-24127,GND,0.05555555555555555,1.110485444039601,918.0184598,2.5644260128138097,3,3,2.2500200510003645
Fis-24127,PST,0.32142857142857145,1.6685815376234825,382.0608972,1.6510815179958294,2,2,1.8219815939043011
Fis-24127,LLT,0.225,1.4499225391607578,649.4133757,2.106686460352356,1,2,1.572148896457906
Fis-28561,GND,0.05555555555555555,1.110485444039601,501.3328251,1.8543370858533432,1,3,1.5765425705761515
Fis-28561,PST,0.32142857142857145,1.6685815376234825,124.4301049,1.2120436495845677,1,2,1.4181557249657302
Fis-28561,LLT,0.225,1.4499225391607578,246.8080157,1.42059223424168,1,2,1.4246594337998775
Fis-23053,GND,0.05555555555555555,1.110485444039601,267.9576965,1.4566341634424336,3,3,1.953333812442149
Fis-23053,PST,0.32142857142857145,1.6685815376234825,46.96949635,1.0800402498355572,2,3,1.8133626080550065
Fis-23053,LLT,0.225,1.4499225391607578,83.55880784,1.1423934071572928,3,3,1.9649465877663725
Fis-23146,GND,0.04166666666666666,1.0826984652754774,11.09381349,1.0189032126435442,1,3,1.3487778550730531
Fis-23146,PST,0.42857142857142855,1.891564703170995,6.567913474,1.0111904641870115,1,2,1.3985275968486033
Fis-23146,LLT,0.3,1.5999300353710069,7.267993008,1.0123834948165482,1,2,1.3415875236405381
Fis-23028,GND,0.02941176470588235,1.058180542836545,5.444151281,1.0092754207505834,1,3,1.3378970028253403
Fis-23028,PST,0.6071428571428571,2.263203312416849,4.60114092,1.0078388165751355,1,2,1.461457403580291
Fis-23028,LLT,0.425,1.8499425290547555,16.56597436,1.0282285181418511,1,2,1.396591740641757
Fis-25900,GND,0.0238095238095238,1.0469723497216044,11.58623437,1.0197423647168906,1,3,1.3377862635825537
Fis-25900,PST,0.75,2.560514199813533,9.639777749,1.0164253382147024,1,2,1.510456306523764
Fis-25900,LLT,0.525,2.0499525240017547,37.18715842,1.063369817103026,1,2,1.4449889697994052
Fis-23221,GND,0.02032520325203252,1.040001400345239,12.82486172,1.0218531539849167,1,3,1.3362444583787612
Fis-23221,PST,0.8785714285714286,2.828093998470548,7.636141121,1.0130108692128623,1,2,1.5471573514810322
Fis-23221,LLT,0.615,2.2299615194540534,8.410699315,1.0143308215967306,1,2,1.4584003057184107
Fis-23243,GND,0.01724137931034482,1.033831709517881,131.8162672,1.224630673530663,3,3,1.8372758765899597
Fis-23243,PST,0.8977832512315271,2.8680771867756194,60.93892634,1.1038460562416028,2,3,2.0876738386105047
Fis-23243,LLT,0.725,2.4499725138957524,113.6666442,1.193701250369517,3,3,2.265034610519931
Fis-169677,GND,0.01256281407035176,1.0244714796240226,194.5480318,1.331534122321792,3,3,1.8718613217651898
Fis-169677,PST,0.6541636755204595,2.361061921082592,44.60284592,1.0760071560008269,3,3,2.186710354983215
Fis-169677,LLT,0.9554020100502512,2.910799562555044,101.4021436,1.1728008752533214,3,3,2.354343207400152
Fis-23045,GND,0.0119047619047619,1.0231549393523558,719.0429659,2.225344741013777,3,3,2.1276260720672
Fis-23045,PST,0.6198979591836735,2.289748927362982,184.1189675,1.3137615799990396,2,3,2.061170499194111
Fis-23045,LLT,0.9053571428571427,2.810704826210876,429.6300314,1.7321457847897537,3,3,2.5728267797762263
Fis-31594,GND,0.0115473441108545,1.0224398669856116,12.3583336,1.0210581266920602,3,3,1.7507844783992927
Fis-31594,PST,0.6012867040580666,2.2510156259242597,7.957159167,1.0135579275725373,3,3,2.1287144024201115
Fis-31594,LLT,0.8781755196304849,2.7563388629687253,12.10823416,1.0206319232710788,3,3,2.2431642067845745
Fis-58485,GND,0.00675675675675675,1.01285551865214,980.8600546,2.6715166271858255,3,3,2.2214521982612303
Fis-58485,PST,0.3518339768339768,1.7318605440626411,450.7887794,1.7682031657310575,3,2,2.070375325068741
Fis-58485,LLT,0.5138513513513513,2.0276541124029337,780.0329627,2.3292799808600337,3,2,2.307234326023065
Fis-22768,GND,0.00505050505050505,1.0094418848973337,61.07228848,1.1040733234449898,3,3,1.779632944375598
Fis-22768,PST,0.262987012987013,1.5469543564157484,55.31990051,1.0942704729003137,3,3,1.9756552936771172
Fis-22768,LLT,0.38409090909090904,1.7681202583946196,121.1038618,1.206375279482514,3,3,2.093192571008406
Fis-58398,GND,0.04550561797752809,1.090378911091179,33.80419602,1.0576047896086342,1,3,1.3638152009298898
Fis-58398,PST,0.31785714285714284,1.6611487654385653,20.81229455,1.0354648245948406,1,2,1.361894507596939
Fis-58398,LLT,0.2225,1.4449222892870828,41.41456805,1.0705738973928356,1,2,1.3262420210538677
Fis-160691,GND,0.04550561797752809,1.090378911091179,92.09043029,1.1569324508061434,3,3,1.8356166523279358
Fis-160691,PST,0.31785714285714284,1.6611487654385653,23.67666098,1.0403460941067226,2,3,1.7944625733089905
Fis-160691,LLT,0.2225,1.4449222892870828,49.05878752,1.083600685812865,3,3,1.9374882072308404
Fis-28562,GND,0.04090909090909091,1.0811828118883435,599.0312971,2.0208285541711906,3,3,2.10580318410879
Fis-28562,PST,0.3535714285714286,1.7354764872877362,163.2450249,1.2781895461492527,3,3,2.1138011323254973
Fis-28562,LLT,0.2475,1.4949247880238326,337.8816299,1.5757940449022518,3,3,2.145805365442567
Fis-30780,GND,0.04705882352941176,1.093486351148608,414.2890124,1.706002604384619,1,2,1.3898110586453531
Fis-161495,GND,0.04705882352941176,1.093486351148608,72.2242622,1.123077801624391,1,3,1.3854348761582358
Fis-161495,PST,0.24285714285714283,1.5050605495553064,22.10374127,1.037665625244692,1,2,1.3294143106973346
Fis-161495,LLT,0.17,1.3399170419399082,58.78221634,1.100170729419339,1,2,1.3103641359773766
Fis-32975,GND,0.04102564102564102,1.081415989332518,510.9549418,1.8707344798444048,1,2,1.4182694014423438
Fis-32975,PST,0.2785714285714286,1.5793882714044774,131.1750834,1.2235380092326622,1,2,1.4021164751416912
Fis-32975,LLT,0.195,1.389919540676658,280.0665502,1.4772692950968875,1,2,1.4235405145729252
Fis-159583,GND,0.02990654205607476,1.0591704253125842,431.8365393,1.7359059739985052,1,2,1.3847791303411654
Fis-31571,GND,0.02816091954022988,1.0556780238565713,180.8164988,1.3081337247042637,1,2,1.2891498567954414
Fis-161466,GND,0.02289719626168224,1.045147090235363,8.065913413,1.0137432595816431,1,3,1.3352317862678824
Fis-161466,PST,0.3821428571428571,1.7949386647670729,6.664371531,1.011354841819663,1,2,1.3803708884959647
Fis-161466,LLT,0.2675,1.5349267870132324,26.66841674,1.0454444523423638,1,2,1.338457716460627
Fis-161491,GND,0.02195121951219512,1.0432545100542094,140.1757229,1.2388763216492027,1,3,1.4032494139421388
Fis-161491,PST,0.29285714285714287,1.6091193601441458,39.97738358,1.06812473981897,1,2,1.361632966295355
Fis-161491,LLT,0.205,1.409920540171358,100.9792043,1.1720801292311491,1,2,1.3483277849440292
Fis-48194,GND,0.01551724137931034,1.0303822914644036,258.2790827,1.4401404907180189,3,3,1.9116634606382144
Fis-48194,PST,0.4142857142857143,1.8618336144313268,75.93570181,1.1294025989072176,2,3,1.884669598526321
Fis-48194,LLT,0.29,1.579929035876307,171.33045,1.291968208899198,3,3,2.0702985565130616
Fis-161493,GND,0.02659574468085106,1.0525466372548329,66.82888411,1.1138833444139031,1,3,1.3694638677832207
Fis-161493,PST,0.16785714285714284,1.3489723336720476,19.35908899,1.0329883649072005,1,2,1.292058320270885
Fis-161493,LLT,0.1175,1.2349117945927337,46.27024588,1.078848632043702,1,2,1.2776344464953788
Fis-24044,GND,0.01470588235294117,1.028759035909826,11.69421305,1.0199263750561742,1,3,1.331989910113851
Fis-24044,PST,0.30357142857142855,1.631417676698897,6.980954894,1.011894342877068,1,2,1.3479773095975955
Fis-24044,LLT,0.2125,1.4249212897923829,7.65394326,1.013041206476083,1,2,1.3035028814100074
Fis-25886,GND,0.01,1.019344153693276,5.456274332,1.0092960800763655,1,3,1.3254555544263398
Fis-25886,PST,0.44642857142857145,1.9287285640955805,4.269010979,1.007272822036865,1,2,1.4039836685898297
Fis-25886,LLT,0.3125,1.6249312847393818,17.16964023,1.029257246790439,1,2,1.3523753068267799
Fis-29388,GND,0.00710227272727272,1.0135467794874884,426.634612,1.727041183213858,3,3,1.9922656650900938
Fis-29388,PST,0.6285714285714286,2.3077999455263516,124.8284616,1.2127225035168712,2,3,2.0243132203972123
Fis-29388,LLT,0.44,1.8799440282968056,307.9952362,1.5248635700649558,3,3,2.253744108263279
Fis-29436,GND,0.00952380952380952,1.018391457278506,564.5224412,1.9620207757981576,3,3,2.0592791138868134
Fis-29436,PST,0.3,1.6239849045139798,154.8783608,1.2639316139378745,2,3,1.8733296363549399
Fis-29436,LLT,0.21,1.419921039918708,339.2358637,1.57810184326585,3,3,2.1191438237243387
Fis-57444,GND,0.00597014925373134,1.0112817825414169,249.1212242,1.4245342557677725,1,2,1.3028480556355584
Fis-57444,PST,0.4785714285714286,1.9956235137598344,58.53677743,1.0997524681745958,1,2,1.4474410604426509
Fis-57444,LLT,0.335,1.6699335336024568,140.0065344,1.2385880014614774,1,2,1.4261460798940806
Fis-23048,GND,0.00597014925373134,1.0112817825414169,480.387736,1.8186438087025285,3,3,2.0170449909854997
Fis-23048,PST,0.4785714285714286,1.9956235137598344,132.59581,1.2259591203602982,2,3,1.957385933180916
Fis-23048,LLT,0.335,1.6699335336024568,301.0348691,1.513002158982598,3,3,2.1837117490222155
Fis-47835,GND,0.00597014925373134,1.0112817825414169,34.74590233,1.0592095850887118,3,3,1.7620740234692884
Fis-47835,PST,0.4785714285714286,1.9956235137598344,13.11173254,1.0223420208326943,2,3,1.8704948579493166
Fis-47835,LLT,0.335,1.6699335336024568,47.29687637,1.0805981498631825,3,3,2.0074811625452926
Fis-33107,GND,0.009375,1.0180937396488905,146.4363459,1.2495452737271275,1,3,1.397704149359415
Fis-33107,PST,0.17142857142857143,1.3564051058569648,38.59978149,1.065777118714703,1,2,1.3039815628994587
Fis-33107,LLT,0.12,1.239912044466409,76.81420104,1.1308996809364924,1,2,1.2940803389398041
Fis-53171,GND,0.00140845070422535,1.002155363449328,4.999873814,1.0085183115931202,1,3,1.319577872693448
Fis-53171,PST,0.5071428571428571,2.055085691239171,4.129447585,1.0070349870542412,1,2,1.4263500530720192
Fis-53171,LLT,0.355,1.7099355325918564,17.86613603,1.0304441702504008,1,2,1.3701198231466696
Fis-23144,GND,0.00129870129870129,1.0019357919324796,9.488846043,1.0161681300840812,1,3,1.3220006813205418
Fis-23144,PST,0.55,2.144278957458176,5.614554714,1.0095658113491854,1,2,1.4424855740371063
Fis-23144,LLT,0.385,1.769938531075956,6.221281067,1.0105997554765622,1,2,1.3752822634547168
Fis-23062,GND,3.3112582781456954e-4,1,576.5667561,1.9825459245700188,3,3,2.0552584452312175
Fis-23062,PST,0.5392857142857143,2.1219806409034243,152.7737274,1.260345032716453,2,3,2.001453619527766
Fis-23062,LLT,0.3775,1.7549377814549312,335.3387705,1.5714606670452076,3,3,2.232039814438929
Fis-28563,PST,0.2857142857142857,1.5942538157743116,122.6733619,1.2090499208645615,3,3,2.0408498407420552
Fis-28563,LLT,0.2,1.399920040424008,284.8533601,1.4854266694395426,3,3,2.079932491557267
Fis-54691,PST,0.4642857142857143,1.965892425020166,8.908967865,1.0151799388941445,1,2,1.413458926750276
Fis-54691,LLT,0.325,1.6499325341077569,34.88342302,1.0594439390262247,1,2,1.3673935930223442
Fis-31583,PST,0.4642857142857143,1.965892425020166,7.547147938,1.0128592127395866,1,2,1.4126504329170593
Fis-31583,LLT,0.325,1.6499325341077569,28.07326636,1.047838506939242,1,2,1.3636334125921712
Fis-25895,PST,0.5714285714285714,2.188875590567678,7.551056089,1.0128658727598006,1,2,1.4511113970029548
Fis-25895,LLT,0.4,1.799940030318006,27.77966598,1.0473381720070347,1,2,1.3934575434212837
Fis-166734,PST,0.5029761904761905,2.046414123690101,128.7636007,1.2194285151195294,1,2,1.4946687915998833
Fis-166734,LLT,0.7520833333333332,2.504141887527231,297.0792856,1.5062613073450324,1,2,1.6572854295509
Fis-23066,GND,0.02272727272727272,1.0448071305971274,558.5145238,1.9517824683918927,3,3,2.0697958532101937
Fis-23066,PST,0.5456349206349206,2.135194458121055,160.5313618,1.2735650955842637,3,3,2.2242073559826068
Fis-23066,LLT,0.7880050505050505,2.5759889122272583,393.7249566,1.670958659739178,3,3,2.494813302374198
Fis-23044,GND,0.01415094339622641,1.0276487903654214,564.5848131,1.9621270659887835,3,3,2.063970987821169
Fis-23044,PST,0.33973495058400716,1.7066803384455418,160.24023,1.2730689674477251,3,3,2.102866278067453
Fis-23044,LLT,0.4906446540880504,1.9812383983792403,370.7222682,1.631758953862776,3,3,2.322516524196704
Fis-23239,PST,0.6357142857142857,2.3226654898961856,173.9015799,1.2963497635287005,2,3,2.0616504236545556
Fis-23239,LLT,0.445,1.8899445280441551,378.257606,1.6446001931258936,3,3,2.2997889128008047
Fis-26148,PST,0.09642857142857145,1.200316889973706,139.5256326,1.237768479465282,1,2,1.3129292775604453
Fis-26148,LLT,0.0675,1.134906797119234,301.3978809,1.513620780403808,1,2,1.3614503833734861
Fis-61406,PST,0.09642857142857145,1.200316889973706,5.318518063,1.0090613246802342,1,2,1.2475583532089964
Fis-61406,LLT,0.0675,1.134906797119234,18.53544053,1.03158475604131,1,2,1.2370116140357161
Fis-170784,PST,0.44642857142857145,1.9287285640955805,9.732779525,1.0165838258750048,1,2,1.4072170094321497
Fis-170784,LLT,0.3125,1.6249312847393818,8.786475474,1.0149711952196747,1,2,1.3476579520650702
Fis-23082,PST,0.6964285714285714,2.4490226170397764,9.396057019,1.0160100049820886,1,2,1.493585862116522
Fis-23082,LLT,0.4875,1.97494877589663,36.70131429,1.0625418727051106,1,2,1.4313075802329571
Fis-156398,PST,0.5035714285714286,2.0476529190542534,45.49292134,1.0775239654304505,2,3,1.9074740279746059
Fis-156398,LLT,0.3525,1.7049352827181814,116.5889915,1.1986813271603975,3,3,2.0709210233418993
Fis-25414,PST,0.25,1.5199260939251409,2.675540113,1.0045573312132003,2,3,1.7397510697455685
Fis-25414,LLT,0.175,1.3499175416872582,2.92064086,1.0049750161822533,3,3,1.869288154482848
Fis-31570,PST,0.6071428571428571,2.263203312416849,119.8180924,1.204184153757189,2,3,2.0109067508277416
Fis-31570,LLT,0.425,1.8499425290547555,268.8352778,1.4581296811942903,3,3,2.219725259390249
Fis-23153,PST,0.8714285714285714,2.813228454100714,10.83136322,1.0184559617304214,1,2,1.5471923626447848
Fis-23153,LLT,0.61,2.2199610197067035,43.18298689,1.0735875233303276,1,2,1.4775874714148822
Fis-29409,PST,0.8513842746400886,2.7715127404427293,2.847778198,1.004850848308042,1,2,1.5362507914134698
Fis-29409,LLT,0.645,2.2899645179381536,15.54431817,1.026487477205314,1,2,1.472492532741794
Fis-131407,PST,0.30357142857142855,1.631417676698897,6.919008903,1.0117887784932362,1,2,1.347942151786321
Fis-131407,LLT,0.2125,1.4249212897923829,29.51902651,1.0503022786368068,1,2,1.3153271805298081
Fis-23223,PST,0.7724882260596546,2.6073161609339444,8.537409631,1.014546753188392,1,2,1.5166100843052226
Fis-23223,LLT,0.6825,2.3649682660432783,33.34799966,1.056827369038355,1,2,1.4952535468871238
Fis-25902,PST,0.6785714285714286,2.411858756115191,80.62732439,1.137397761125695,2,3,2.014205940942325
Fis-25902,LLT,0.475,1.949947526528255,220.7752557,1.3762288747331903,3,3,2.2168638674110315
Fis-29540,PST,0.7678571428571429,2.5976780607381182,10.28409431,1.017523341163023,1,2,1.5163167262101547
Fis-29540,LLT,0.5375,2.0749537733701295,40.81081214,1.069545015303856,1,2,1.4514743728581498
Fis-31600,PST,0.6395096283027317,2.330564266606803,35.10083836,1.059814444300774,1,2,1.4908372254014413
Fis-31600,LLT,0.7975,2.5949797602323272,43.85642921,1.0747351605286268,1,2,1.536796479449544
Fis-140634,PST,0.5428571428571428,2.1294134130883418,11.71442638,1.0199608213164115,1,2,1.443671449276717
Fis-140634,LLT,0.38,1.7599380313286062,31.85900035,1.0542899119382465,1,2,1.3879437185189645
Fis-29536,PST,0.34824016563147,1.7243811896783674,62.75696555,1.106944242030346,1,2,1.3978071398901044
Fis-29536,LLT,0.561159420289855,2.1222749786963577,175.6882137,1.2993944302324776,2,2,1.8224291840543052
Fis-29485,PST,0.4107142857142857,1.8544008422464096,7.588575881,1.0129298115823142,1,2,1.392205166648165
Fis-29485,LLT,0.2875,1.574928786002632,30.73821003,1.05237993297713,1,2,1.3493228306513956
Fis-29532,PST,0.1339918946301925,1.2784927846562029,14.26482839,1.0243070528055354,1,2,1.272153772134612
Fis-29532,LLT,0.21719858156028368,1.4343189225336868,44.5390989,1.0758985224189148,2,2,1.5762287969421067
Fis-29406,PST,0.6785714285714286,2.411858756115191,114.7335375,1.195519381486813,1,2,1.5496535730239736
Fis-29406,LLT,0.475,1.949947526528255,256.9106472,1.4378084907283644,1,2,1.5388223699398857
Fis-29481,PST,0.4671814671814672,1.9719189970619904,9.032393136,1.015390272322863,1,2,1.4146142098059857
Fis-29481,LLT,0.7810810810810811,2.562140281332246,11.22730056,1.0191306927446224,1,2,1.511700286302071
Fis-29539,PST,0.39828834759710335,1.8285402754279192,29.91581445,1.0509784591889593,1,2,1.4001742461174425
Fis-29539,LLT,0.6658986175115208,2.331763841766939,104.8492052,1.178675136492188,1,2,1.5311832527961298
Fis-32609,PST,0.4785714285714286,1.9956235137598344,75.13429859,1.1280368989522331,1,2,1.4566592751646275
Fis-32609,LLT,0.335,1.6699335336024568,169.5151869,1.2888747539790206,1,2,1.4404061752830548
Fis-24153,PST,0.3197495731360273,1.6650872463174258,24.37688683,1.0415393740786,1,2,1.3646952208054297
Fis-24153,LLT,0.5489243027888445,2.097803520800827,78.51304867,1.1337947480811146,1,2,1.4768361403694177
Fis-29367,PST,0.1529126213592233,1.3178701510341908,4.026141565,1.0068589395623635,3,3,1.8589638325544826
Fis-29367,LLT,0.26432038834951455,1.528567245911762,16.58957324,1.0282687338392047,3,3,1.9393599484014137
Fis-160267,PST,0.32857142857142857,1.6834470819933167,40.30431636,1.068681877688879,1,2,1.3772712359600983
Fis-160267,LLT,0.23,1.4599230389081077,102.4149347,1.174526808872204,1,2,1.360835790887449
Fis-23198,LLT,0.5872489082969432,2.174456562341033,195.6161564,1.3333543517415565,2,2,1.8453938869061266
Fis-29421,PST,0.44642857142857145,1.9287285640955805,1.04286246,1.0017750266983692,2,3,1.8452199478136955
Fis-29421,LLT,0.3125,1.6249312847393818,1.106612295,1.0018836650774237,3,3,1.956472290502609
Fis-61410,PST,0.4785714285714286,1.9956235137598344,1.675868768,1.0028537554391153,1,2,1.4144465910686357
Fis-61410,LLT,0.335,1.6699335336024568,8.651946155,1.0147419389847143,1,2,1.3568167547511678
Fis-159136,PST,0.42857142857142855,1.891564703170995,8.762949777,1.014931104236095,1,2,1.399819180154612
Fis-159136,LLT,0.3,1.5999300353710069,32.92289154,1.0561029270522753,1,2,1.3558427037056235
Fis-47425,PST,0.42857142857142855,1.891564703170995,2.669513801,1.004547061558897,1,2,1.396224875300736
Fis-47425,LLT,0.3,1.5999300353710069,11.86752532,1.020221722708181,1,2,1.344176778345539
Fis-23252,PST,0.3416235334713596,1.7106108122246684,5.781040719,1.009849526118305,1,2,1.3633566116277922
Fis-23252,LLT,0.6144987922705314,2.2289590538996693,6.407577293,1.010917229553422,1,2,1.4570079490618413
Fis-34717,PST,0.6281041388518024,2.306827433277858,1.59252423,1.0027117250242703,1,2,1.4665784498724985
Fis-34717,LLT,0.535,2.0699535234964546,7.685024825,1.0130941736851755,1,2,1.431067444245335
Fis-140692,PST,0.2960667086217747,1.6157990320636308,15.14489828,1.0258068114528194,1,2,1.3493379326783053
Fis-140692,LLT,0.5429295154185022,2.085813346884322,45.76651497,1.077990206142804,1,2,1.4562303000123302
Fis-29416,PST,0.25280112044817926,1.525755719168213,110.5990986,1.1884737359507045,1,2,1.3799906622059523
Fis-29416,LLT,0.471078431372549,1.9421039973146472,281.7150913,1.480078633080406,1,2,1.5484486819152736
Fis-33777,PST,0.5678571428571428,2.181442818382761,27.93259134,1.0475987775949034,1,2,1.4621509239134918
Fis-33777,LLT,0.3975,1.794939780444331,76.0636668,1.1296206686338186,1,2,1.4190677395753546
Fis-23155,PST,0.625,2.3003671733414346,12.53185229,1.021353826111788,1,2,1.4723153648262894
Fis-23155,LLT,0.4375,1.8749437784231304,64.39766817,1.1097402221791115,1,2,1.4282686152402349
Fis-47424,PST,0.5785714285714286,2.2037411349375127,0.001263164,1,1,2,1.4489307971266467
Fis-47424,LLT,0.5,1.9999500252650049,0.005266234,1.0000068217750844,1,2,1.414207139762287
Fis-23029,PST,0.2064911366006256,1.429376482416917,6.403374696,1.0109100677572245,1,2,1.3038339565310801
Fis-23029,LLT,0.4051277372262773,1.8101960172851783,24.12148406,1.0411041330628577,1,2,1.3933571253068173
Fis-23084,PST,0.2168139669660968,1.450860111411743,2.367562768,1.0040324959795677,1,2,1.306474165772543
Fis-23084,LLT,0.4353397565922921,1.870623075692531,14.83546722,1.025279498891344,1,2,1.3994733708674685
Fis-161470,PST,0.3535714285714286,1.7354764872877362,3.59854143,1.0061302508441916,1,2,1.367022724864067
Fis-161470,LLT,0.2475,1.4949247880238326,14.71396195,1.0250724374051556,1,2,1.323125299763073
Fis-47420,PST,0.41785714285714287,1.869266386616244,5.397909292,1.009196618119499,1,2,1.3936998222986434
Fis-47420,LLT,0.2925,1.584929285749982,22.16814212,1.0377753730417445,1,2,1.3467463636504544
Fis-23253,PST,0.1404344193817878,1.291900813913006,76.45253706,1.1302833563836592,1,2,1.307258953504623
Fis-23253,LLT,0.2947953216374269,1.589520158441017,148.9608514,1.253847374045252,1,2,1.4129772766018733
Fis-23280,PST,0.14830470162748643,1.308280258102723,14.00067016,1.0238568912965516,3,3,1.8633551532277917
Fis-23280,LLT,0.31457278481012657,1.629077061533378,52.0555969,1.0887076561035047,3,3,1.9988207707069086
Fis-161402,PST,0.3242147922998987,1.6743801542216448,6.256161192,1.0106591959479174,3,3,1.9754922366358103
Fis-161402,LLT,0.6950354609929078,2.390040440941776,25.02877618,1.0426502820881158,3,3,2.176188976310085
Fis-31577,PST,0.1904761904761905,1.396046557509856,208.9745348,1.3561188432288072,2,2,1.6588778601648813
Fis-31577,LLT,0.4083333333333333,1.8166075298969224,364.1255057,1.6205171744133584,1,2,1.5577084863910649
Fis-29338,LLT,0.13517241379310344,1.2702583885273326,2.023180395,1.0034456216327143,2,2,1.5026625965007678
Fis-160464,PST,0.4832576383154417,2.005376342002471,6.899311745,1.0117552118602071,2,3,1.867908708861146
Fis-160464,LLT,0.4325,1.8649432786757805,27.95578385,1.047638300782573,3,3,2.0477638695715115
Fis-140641,PST,0.2918976545842218,1.6071224959750636,5.362622884,1.0091364852867193,1,2,1.3420145395769099
Fis-140641,LLT,0.67,2.3399670166749034,17.32806159,1.029527218308922,1,2,1.4815605011690662
Fis-23159,PST,0.06525096525096526,1.135430797656727,6.433334367,1.0109611231065354,1,2,1.2309241153361472
Fis-23159,LLT,0.16891891891891891,1.3377547717242648,9.24742321,1.0157567127801177,1,2,1.2839527783100417
Fis-31585,LLT,0.244,1.4879244382006875,204.2419675,1.3480539056452383,2,2,1.6830112995607687
Fis-160862,PST,0.3145073891625616,1.6541773377340916,0.521775675,1.00088702402873,1,2,1.348960647161676
Fis-160862,LLT,0.3625,1.724936282212881,2.812494339,1.0047907198191048,1,2,1.3644878316782059
Fis-140639,LLT,0.225,1.4499225391607578,72.52308626,1.1235870384169386,2,2,1.5977281177982698
Fis-161440,PST,0.10219198790627362,1.212311575245662,27.58305691,1.0470031234430317,1,2,1.2622577800727741
Fis-161440,LLT,0.33185185185185184,1.6636369226504213,60.97354549,1.1039050519761051,1,2,1.3843792040536673
Fis-23149,PST,0.04355400696864112,1.0902756042116408,196.320505,1.3345546574394962,1,2,1.3060976975440821
Fis-23149,LLT,0.14756097560975612,1.2950367503908256,460.6714431,1.7850445672046087,1,2,1.4663589290416694
Fis-23157,PST,0.01539408866995074,1.0316698521228287,248.9117557,1.4241772929881362,1,2,1.3092835099416118
Fis-23157,LLT,0.0521551724137931,1.104215608239436,595.0743088,2.0140853085635877,1,2,1.4522468218559295
Fis-161438,PST,0.12145492883500264,1.2524011496753944,3.200575663,1.005452063114827,1,2,1.2597480817526687
Fis-161438,LLT,0.4304059040590406,1.8607548774900824,12.58596888,1.0214460481327163,1,2,1.396315787971015
Fis-29380,PST,0.03799420137058514,1.0787046690588633,34.56880452,1.0589077863622918,1,2,1.229412640166372
Fis-29380,LLT,0.1395110701107011,1.2789361348089274,97.01392172,1.165322749043674,2,2,1.5625674329864998
Fis-61614,PST,0.08868114643976713,1.1841931333844815,2.208947274,1.0037621936303762,1,2,1.2417118966758267
Fis-61614,LLT,0.3423275862068965,1.6845894384046072,5.017709218,1.0085487055444198,2,2,1.6145917731775836
Fis-159586,PST,0.24285714285714283,1.5050605495553064,12.17977048,1.0207538308783426,1,2,1.3239642142097368
Fis-159586,LLT,0.17,1.3399170419399082,30.22895799,1.0515120983206834,2,2,1.540770816671961
Fis-23064,PST,0.11428571428571428,1.2374807508982917,162.3392752,1.2766460256172074,3,3,1.941837415205847
Fis-23064,LLT,0.5,1.9999500252650049,375.1310941,1.6392721921214948,3,3,2.330656021090413
Fis-54647,PST,0.10389610389610388,1.2158581409058054,1.3443637,1.0022888257693234,1,2,1.2494717685178636
Fis-54647,LLT,0.4545454545454546,1.9090363911981871,4.82015815,1.008212051687857,1,2,1.4007125565253584
Fis-23075,PST,0.02285714285714285,1.047201782964414,164.366946,1.280101452113102,1,2,1.2796057699388743
Fis-23075,LLT,0.1,1.1999100454770089,375.8628564,1.6405192144882994,2,2,1.6751260810839166
Fis-23077,LLT,0.08333333333333333,1.1665750463191755,418.0498498,1.71241158221214,2,2,1.6812999791192071
Fis-23101,LLT,0.0625,1.1249062973718842,246.3988948,1.4198950366502938,2,2,1.5898572992067548
Fis-23124,PST,0.00998128509045539,1.0204048540741628,4.883428546,1.0083198730377252,1,2,1.197705956970896
Fis-23124,LLT,0.04366812227074235,1.0872406596771709,5.424922498,1.0092426522921818,2,2,1.4474224961582836
Fis-144985,LLT,0.0925,1.184909295855984,24.70283332,1.0420948311763645,2,2,1.4907783771093561
Fis-29321,LLT,0.14722675367047308,1.2943682731069537,212.4470112,1.362036414739394,2,2,1.6295835888404406
Fis-131127,LLT,0.3688713080168777,1.737679535055496,96.61640362,1.1646453241996917,2,2,1.6867698951580918
Fis-6652,LLT,0.1433155737704918,1.2865455223866331,19.80353997,1.0337457697543866,2,2,1.5187095488962472
Fis-25897,LLT,0.32515037593984963,1.6502333010174517,59.21967637,1.100916220738027,2,2,1.641874289404239
Fis-154010,LLT,0.4376243093922652,1.875192409632319,53.14766411,1.0905686869832372,2,2,1.6911795283916555
Fis-29332,LLT,0.3236697247706422,1.647271850688737,112.9295757,1.1924451855170817,2,2,1.674233097804106
Fis-29385,LLT,0.25898496240601504,1.517895860751768,40.55615948,1.069111052577454,2,2,1.5961775448809299
Fis-29423,PST,0.00497835497835497,1.0099928749356777,378.4167726,1.644871434634575,3,2,1.7768484171584242
Fis-29423,LLT,0.04538208168642951,1.0906687498178804,633.6301578,2.079789712950293,3,2,1.9207280840194483
Fis-23127,LLT,0.04054041051956383,1.0809849235616822,572.298996,1.975273081597845,2,2,1.709529869712375
Fis-23158,PST,0.02361516034985422,1.0487793509383556,15.85136954,1.027010734451756,1,2,1.2114968148479828
Fis-23158,LLT,0.3104081632653061,1.6207474021920212,59.49527128,1.1013858719033678,1,2,1.374583757249358
Fis-29547,PST,0.02142857142857143,1.0442286740904472,1.454054235,1.0024757533420774,1,2,1.202887112247338
Fis-29547,LLT,0.375,1.7499375315812562,5.095766638,1.0086817259919545,1,2,1.3707292288159574
Fis-23278,PST,0.00655811442965095,1.0132806327260444,15.69580878,1.0267456377842763,1,2,1.201034965121938
Fis-23278,LLT,0.13607682619647354,1.2720673037296133,66.85972316,1.113935898344491,2,2,1.5429703132817039
Fis-58162,LLT,0.06033083219645293,1.1205677449576177,330.6877838,1.5635347538865068,2,2,1.627051920884463
Fis-31578,LLT,0.04101941747572815,1.081942985350502,316.7980926,1.5398648332108846,2,2,1.6067072076953846
Fis-31589,LLT,0.1953125,1.3905445719108671,28.02040882,1.0477484305105516,2,2,1.5537297487019068
Fis-26519,LLT,0.07735148514851485,1.154610752066983,314.6698596,1.5362380350651317,2,2,1.6320690368520183
Fis-160938,LLT,0.03638017118402283,1.0726640290768834,5.540822806,1.0094401621617055,1,2,1.2130915376430351
Fis-160439,LLT,0.04545454545454545,1.0908136845968277,220.2012735,1.3752507310907156,2,2,1.5651217018350767
Fis-160444,LLT,0.04545454545454545,1.0908136845968277,233.7212123,1.398290543447038,2,2,1.5716361055041372
Fis-161448,LLT,0.1913495575221239,1.3826182908611149,79.0370497,1.1346877170201248,2,2,1.5827403005427088
Fis-125906,LLT,0.12858695652173913,1.2570868157716402,12.71611893,1.021667841498391,2,2,1.505510353761554
Fis-29319,LLT,0.03884453781512605,1.0775930086512286,15.96373582,1.0272022218574814,2,2,1.4505833111279591
Fis-165849,LLT,0.0667063492063492,1.1333194162069564,58.98673163,1.1005192512562574,2,2,1.494522615033155
Fis-166044,LLT,0.02758620689655172,1.0550752215498715,123.808002,1.210983501732247,2,2,1.5035587776897847
Fis-29531,LLT,0.01566361556064073,1.0312288472213649,529.1104485,1.901673929629633,2,2,1.6735464632866646
Fis-23260,LLT,0.00767766497461929,1.0152561478577933,0.139342517,1.0002353059751574,2,2,1.4196603397234056
Fis-23113,LLT,0.01136363636363636,1.0226284590467145,165.9273696,1.2827606259061357,1,2,1.2726921717601405
Fis-23204,LLT,0.00868055555555555,1.017262029258048,15.76487875,1.0268633423960944,2,2,1.4297212395126973
Fis-30995,LLT,0.00476253298153034,1.0094255925057178,342.3656966,1.5834355037053962,2,2,1.5901338044966524
Fis-160378,LLT,7.32016210739615e-4,1.0013641561161213,144.1870157,1.245712109501901,2,2,1.4945740238792309
Fis-154012,LLT,9.523809523809524e-4,1.001804907624743,23.25745995,1.0396317186044624,2,2,1.428665860197322
Fis-23074,LLT,8.1374321880651e-5,1.0000628073070914,361.8205792,1.6165892665403496,2,2,1.5946733616105229
Fis-25903,LLT,4.997223764575235e-5,1,109.876611,1.1872425189326383,2,2,1.4762158304695405
Fis-32611,GND,0.5351851851851852,2.070062444027333,488.654757,1.8327319355353051,3,3,2.4173037502190895
Fis-32611,PST,0.09642857142857145,1.200316889973706,137.9852776,1.2351435052929045,3,3,1.9112344344368635
Fis-32611,LLT,0.0675,1.134906797119234,294.756429,1.502302844145876,3,3,1.9792016711761693
Fis-27224,GND,0.25,1.49950314673733,342.7529363,1.5840954127594902,1,3,1.6338511688035142
Fis-27224,PST,0.16071428571428573,1.3341067893022136,86.81041731,1.1479345914150825,1,2,1.3229225923517591
Fis-27224,LLT,0.1125,1.2249112948453835,165.4992594,1.2820310679679126,1,2,1.331245939643902
Fis-28553,GND,0.22272727272727272,1.4449396248005058,270.9110146,1.4616670186837997,1,3,1.5865539724735944
Fis-28553,PST,0.15714285714285714,1.3266740171172966,70.67678979,1.1204406984184958,1,2,1.3130938694218228
Fis-28553,LLT,0.11,1.2199110449717088,147.2305538,1.2508987118793704,1,2,1.321737086776532
Fis-61508,GND,0.05555555555555555,1.110485444039601,732.5540197,2.2483694121231004,3,3,2.177237280234257
Fis-61508,PST,0.32142857142857145,1.6685815376234825,211.6859805,1.3607395150429693,2,2,1.7359835497529599
Fis-61508,LLT,0.225,1.4499225391607578,413.7987499,1.7051671304840017,1,2,1.4911984283416444
Fis-21798,GND,0.06666666666666667,1.1327150270509,492.4610017,1.8392182935704648,3,3,2.0808899483421124
Fis-21798,PST,0.9333333333333332,2.9420631719726096,148.979324,1.253878853865097,2,2,1.959936003290492
Fis-21798,LLT,0.75,2.499975012632502,327.6896815,1.5584255802845477,1,2,1.6707556287771068
Fis-26085,GND,0.04201680672268908,1.083398977345161,254.8133541,1.4342344183752995,1,3,1.469374349146842
Fis-26085,PST,0.5882352941176471,2.2238533420261115,92.19701786,1.1571140905050092,1,2,1.506184174799924
Fis-26085,LLT,0.8403361344537815,2.680656310588825,255.7139879,1.4357692207187658,1,2,1.6656699189845454
Fis-32608,GND,0.5351851851851852,2.070062444027333,10.60056634,1.0180626524938718,1,2,1.432837657145843
Fis-28785,GND,0.5351851851851852,2.070062444027333,630.7883426,2.0749468737978445,1,3,1.8946453166343116
Fis-28785,PST,0.09642857142857145,1.200316889973706,146.3624106,1.2494192779320497,1,2,1.316007998530193
Fis-28785,LLT,0.0675,1.134906797119234,296.1865961,1.504740043167974,1,2,1.3594489942753063
Fis-154456,GND,0.3214285714285714,1.6424076089528226,464.3419725,1.791299647932072,1,3,1.723624310628638
Fis-154456,PST,0.125,1.2597790674530427,117.5012182,1.2002358853803228,1,2,1.318705288049772
Fis-154456,LLT,0.0875,1.174908796108634,235.3378589,1.4010455288697892,1,2,1.3470124191726902
Fis-166946,GND,0.3214285714285714,1.6424076089528226,50.10919807,1.0853907280850317,1,3,1.520712366293224
Fis-166946,PST,0.125,1.2597790674530427,9.114631206,1.0155304171659258,1,2,1.2647489567662675
Fis-166946,LLT,0.0875,1.174908796108634,16.30314652,1.0277806237981564,1,2,1.2466187198731058
Fis-28787,GND,0.22272727272727272,1.4449396248005058,667.4394438,2.1374053291793578,1,3,1.7446746903463908
Fis-28787,PST,0.15714285714285714,1.3266740171172966,167.2860478,1.2850759981310915,1,2,1.3588789083537238
Fis-28787,LLT,0.11,1.2199110449717088,340.7156645,1.58062362485533,1,2,1.4013501262222292
Fis-26902,GND,0.22272727272727272,1.4449396248005058,523.890715,1.8927787946612695,1,3,1.6924572374197253
Fis-26902,PST,0.15714285714285714,1.3266740171172966,135.4424468,1.2308101761741457,1,2,1.3443003892312306
Fis-26902,LLT,0.11,1.2199110449717088,270.518233,1.460997665479256,1,2,1.3740480504320107
Fis-60598,GND,0.22272727272727272,1.4449396248005058,1.422043375,1.0024212024880628,1,3,1.4437942235203964
Fis-60598,PST,0.15714285714285714,1.3266740171172966,0.836001339,1.001422507246753,1,2,1.276741254922154
Fis-60598,LLT,0.11,1.2199110449717088,0.92277094,1.0015703744342344,1,2,1.250287551856224
Fis-47488,GND,0.22272727272727272,1.4449396248005058,387.4866127,1.6603276742741988,1,3,1.6379143604411714
Fis-47488,PST,0.15714285714285714,1.3266740171172966,97.70946943,1.1665080568294808,1,2,1.3263877140825702
Fis-47488,LLT,0.11,1.2199110449717088,182.9416359,1.3117552470158482,1,2,1.3375275685418102
Fis-31408,GND,0.12803030303030302,1.2554829514087549,30.27691079,1.0515938164061205,1,2,1.2747417494703803
Fis-32960,GND,0.07960526315789475,1.1586007914785308,11.70271755,1.019940867879484,3,3,1.8058756038977106
Fis-32960,PST,0.2714285714285714,1.5645227270346431,9.759383771,1.016629163124292,3,3,1.9451215139384017
Fis-32960,LLT,0.19,1.379919040929308,37.82437343,1.064455718043719,3,3,1.9068034499055844
Fis-27236,GND,0.01724137931034482,1.033831709517881,45.78049723,1.07801403381329,1,3,1.3522247464463233
Fis-27236,PST,0.8977832512315271,2.8680771867756194,18.82403226,1.032076555553508,1,2,1.5598512521365253
Fis-27236,LLT,0.725,2.4499725138957524,41.32996223,1.0704297175821214,1,2,1.5133428922442214
Fis-28552,GND,0.04550561797752809,1.090378911091179,607.7750985,2.035729179574684,1,2,1.4515495322783525
Fis-22814,GND,0.04090909090909091,1.0811828118883435,5.500979936,1.009372264498697,1,2,1.215472462197388
Fis-24098,GND,0.02962962962962963,1.058616417013237,1172.142279,2.997487522651417,3,3,2.3117168019548973
Fis-24098,PST,0.3857142857142858,1.80237143695199,445.1466368,1.7585881882733478,2,2,1.8869791863837249
Fis-24098,LLT,0.27,1.5399270368869074,789.2835635,2.34504426128823,1,2,1.6393447567332669
Fis-163295,GND,0.02289719626168224,1.045147090235363,467.6377839,1.7969161582832749,3,3,2.02762172017826
Fis-163295,PST,0.3821428571428571,1.7949386647670729,133.2645171,1.2270986881004524,2,2,1.7228492333886303
Fis-163295,LLT,0.2675,1.5349267870132324,319.3595289,1.544229868629142,1,2,1.4755617960707827
Fis-23993,GND,0.00490196078431372,1.00914469795868,11.32468238,1.019296644594916,1,3,1.3253904073454132
Fis-23993,PST,0.9107142857142856,2.8949889481348015,6.708577305,1.011430174463774,1,2,1.5556188712460985
Fis-23993,LLT,0.6375,2.2749637683171287,7.410844624,1.0126269333761546,1,2,1.4650872489822837
Fis-54860,GND,0.01481481481481481,1.028976972998172,3.390100264,1.0057750387812514,1,2,1.199455461323232
Fis-161488,GND,0.0064,1.012141768797615,146.5368896,1.2497166138504725,1,3,1.3957046853829114
Fis-161488,PST,0.44642857142857145,1.9287285640955805,41.9054928,1.0714104998574174,1,2,1.4258185202102114
Fis-161488,LLT,0.3125,1.6249312847393818,107.0820143,1.1824801465186747,1,2,1.4001182400601655
Fis-161209,GND,5.376344086021506e-4,1.0004131539675247,33.31487028,1.056770912074313,1,2,1.205861862209192
Fis-47352,PST,0.6357142857142857,2.3226654898961856,171.0783533,1.291538601875855,1,2,1.5650600780265291
Fis-47352,LLT,0.445,1.8899445280441551,331.7893646,1.5654119972159903,1,2,1.559649203351761
Fis-35264,PST,0.6357142857142857,2.3226654898961856,143.9435032,1.2452971311214946,1,2,1.5508593496756742
Fis-35264,LLT,0.445,1.8899445280441551,319.4964025,1.5444631198373897,1,2,1.554404872019347
Fis-47495,PST,0.41785714285714287,1.869266386616244,21.58469239,1.0367810954420156,1,2,1.4031272705824116
Fis-47495,LLT,0.2925,1.584929285749982,62.08338785,1.105796374126136,1,2,1.3682919183538897
Fis-35265,PST,0.05714285714285714,1.118556395939618,128.2597699,1.2185699189925012,1,2,1.2849451324844952
Fis-35265,LLT,0.04,1.0799040485088094,266.6716712,1.454442601628745,1,2,1.3313061491271339
Fis-32598,LLT,0.7827827763496145,2.565543841952852,122.693007,1.2090833987836866,2,2,1.8768256169142294
Fis-161473,PST,0.18928571428571428,1.3935689667815503,11.63414839,1.0198240167159394,1,2,1.2984371250169953
Fis-161473,LLT,0.1325,1.2649132938347836,35.05985647,1.0597446055929534,1,2,1.2795963475687666
