species_id,sumA,ncells_overlap,GEAR,A_scaled,ncells_spp,prop_exposure,avail123
Fis_125906,11.41566628916189,73,GND,1.0194516935395572,73,1,3
Fis_131127,78.84709600541737,364,GND,1.1343640101396266,556,0.6546762589928058,2
Fis_131407,14.80967632890679,195,GND,1.0252355477136732,212,0.9198113207547169,3
Fis_131465,53.102162471470365,322,GND,1.090491146023452,370,0.8702702702702703,3
Fis_131805,3.360631316201762,37,GND,1.005724819692564,37,1,3
Fis_131815,226.98672208189964,309,GND,1.386814057311219,355,0.8704225352112676,3
Fis_131821,12.66587209858153,119,GND,1.0215822140756308,119,1,3
Fis_131829,8.878263793420047,41,GND,1.0151276149880653,41,1,3
Fis_131831,1.7144316716585308,39,GND,1.0029194718668295,39,1,3
Fis_131843,66.85924166642332,492,GND,1.1139350778308412,723,0.6804979253112033,3
Fis_131844,37.00433360080933,349,GND,1.0630582587846218,486,0.7181069958847737,3
Fis_131852,22.991434175935524,1492,GND,1.0391783745530132,1519,0.9822251481237656,3
Fis_132130,61.4300002027303,83,GND,1.104682912830049,108,0.7685185185185185,3
Fis_132518,0.0061791295884177,4,GND,1.0000083774740034,4,1,3
Fis_132520,5.6769524093251675,199,GND,1.0096721455007287,203,0.9802955665024631,3
Fis_132528,44.401843354224184,261,GND,1.0756646203346214,407,0.6412776412776413,2
Fis_132543,2.0984314731904306,25,GND,1.003573859693896,25,1,3
Fis_132550,16.722423191944245,298,GND,1.0284951282093864,478,0.6234309623430963,2
Fis_132559,6.391891380655579,64,GND,1.0108904986302552,64,1,3
Fis_139820,8.61389950546436,257,GND,1.0146771023282697,296,0.8682432432432432,3
Fis_140161,205.0879380492879,389,GND,1.349495554433541,639,0.6087636932707355,2
Fis_140634,11.581676496085493,1835,GND,1.0197345974841587,1868,0.9823340471092077,3
Fis_140639,37.92774819673454,7794,GND,1.064631882699265,7848,0.9931192660550459,3
Fis_140641,5.679696167364568,1069,GND,1.0096768212371594,1084,0.9861623616236163,3
Fis_140692,16.035820629671434,2934,GND,1.0273250641703129,2978,0.9852249832102082,3
Fis_142376,1.7297121025476372,21,GND,1.0029455117968666,21,1,3
Fis_144985,34.75565625479794,156,GND,1.059226207110742,160,0.975,3
Fis_146573,105.8205551437417,7780,GND,1.18033044877729,7929,0.9812082229789381,3
Fis_146574,24.32229194665993,2496,GND,1.0414463369874842,2585,0.9655705996131528,3
Fis_148497,291.7460775319487,354,GND,1.4971727963681567,445,0.7955056179775281,3
Fis_149485,64.03995590718114,401,GND,1.1091306319053231,415,0.9662650602409638,3
Fis_154008,30.573996971026645,252,GND,1.0521000916249466,348,0.7241379310344828,3
Fis_154010,148.9455730454065,212,GND,1.2538213376899583,255,0.8313725490196079,3
Fis_154012,17.05319698727544,143,GND,1.0290588116912889,224,0.6383928571428571,2
Fis_154456,464.34197247692646,803,GND,1.791299648004648,1074,0.7476722532588455,3
Fis_156398,158.70451524900272,549,GND,1.2704519009287962,610,0.9,3
Fis_15849,46.51642488235484,254,GND,1.0792681545183054,381,0.6666666666666666,2
Fis_159132,4.966549401753582,203,GND,1.0084615222696447,233,0.871244635193133,3
Fis_159136,21.86884446267504,355,GND,1.0372653291810705,372,0.9543010752688172,3
Fis_159582,513.1001152864701,987,GND,1.8743901470039748,1370,0.7204379562043796,3
Fis_159583,431.8365393166905,902,GND,1.7359059741310692,1177,0.7663551401869159,3
Fis_159584,208.5454062029603,502,GND,1.3553875498543897,576,0.8715277777777778,3
Fis_159586,16.154297898538147,2833,GND,1.027526965531254,2861,0.9902132121635792,3
Fis_160267,140.19602130724525,515,GND,1.2389109129269804,546,0.9432234432234432,3
Fis_160378,223.2155095950584,893,GND,1.3803873989253956,913,0.9780941949616648,3
Fis_160439,402.1858900641139,4166,GND,1.685377239850231,4266,0.976558837318331,3
Fis_160444,404.2019041016538,7727,GND,1.6888128016398414,7880,0.9805837563451777,3
Fis_160464,11.275699979436467,340,GND,1.0192131719337691,353,0.9631728045325779,3
Fis_160691,92.0904302932322,223,GND,1.1569324508345014,239,0.9330543933054394,3
Fis_160851,10.5633416280034,289,GND,1.0179992165311174,316,0.9145569620253164,3
Fis_160854,11.409176980843768,284,GND,1.0194406348766294,307,0.9250814332247557,3
Fis_160862,0.8052863581106067,24,GND,1.0013701647477975,24,1,3
Fis_160879,33.033142044407214,290,GND,1.0562908088976917,298,0.9731543624161074,3
Fis_160881,0.17571364878676832,9,GND,1.0002972873254887,9,1,3
Fis_160886,2.8078548996709287,125,GND,1.0047828135857273,138,0.9057971014492754,3
Fis_160887,0.94032313254138,72,GND,1.0016002857557806,82,0.8780487804878049,3
Fis_160925,0.03823675055718922,10,GND,1.0000630080150688,10,1,3
Fis_160938,1.3649514814756003,287,GND,1.0023239101468906,369,0.7777777777777778,3
Fis_161155,119.5920252726064,556,GND,1.2037989046910311,563,0.9875666074600356,3
Fis_161159,50.82824576093117,242,GND,1.0866160830437228,248,0.9758064516129032,3
Fis_161202,148.25263699131028,449,GND,1.2526404805204314,459,0.9782135076252724,3
Fis_161209,33.31487027660478,641,GND,1.0567709120773172,704,0.9105113636363636,3
Fis_161213,15.716736718808534,382,GND,1.0267813018395813,403,0.9478908188585607,3
Fis_161218,35.59986224910244,375,GND,1.0606648488079655,387,0.9689922480620154,3
Fis_161221,128.73755246190922,477,GND,1.2193841254148676,484,0.9855371900826446,3
Fis_161225,2.1880441804532893,129,GND,1.0037265719206974,131,0.9847328244274809,3
Fis_161228,113.89815933976206,481,GND,1.1940957836463408,492,0.9776422764227642,3
Fis_161233,40.180517828659504,246,GND,1.0684709081842665,249,0.9879518072289156,3
Fis_161235,5.2694601226830855,192,GND,1.008977723287649,199,0.964824120603015,3
Fis_161400,183.5387868795102,6630,GND,1.3127728734507396,6770,0.9793205317577548,3
Fis_161402,12.333118728070986,304,GND,1.0210151571287034,312,0.9743589743589743,3
Fis_161412,142.31948675272724,460,GND,1.2425295865126855,472,0.9745762711864406,3
Fis_161438,7.523640606385015,160,GND,1.0128191530557382,163,0.9815950920245399,3
Fis_161440,27.871162541046033,4454,GND,1.047494094584065,4473,0.9957522915269394,3
Fis_161448,110.06067093515026,2233,GND,1.187556182093246,2323,0.9612569952647438,3
Fis_161453,18.555387872117308,655,GND,1.031618749027321,707,0.9264497878359265,3
Fis_161456,169.30931980660534,514,GND,1.288523928526801,586,0.8771331058020477,3
Fis_161457,114.32850878254976,442,GND,1.194829157558571,474,0.9324894514767933,3
Fis_161466,8.065913412719965,339,GND,1.0137432595839162,383,0.8851174934725848,3
Fis_161470,4.417169360589469,228,GND,1.0075253040478205,242,0.9421487603305785,3
Fis_161473,35.49825919659634,260,GND,1.0604917034040162,272,0.9558823529411765,3
Fis_161480,362.919888048547,1019,GND,1.6184626382435554,1372,0.7427113702623906,3
Fis_161488,146.53688964087632,549,GND,1.2497166139560054,621,0.8840579710144928,3
Fis_161491,140.17572287481744,500,GND,1.2388763216406404,567,0.8818342151675485,3
Fis_161493,66.82888411299791,181,GND,1.113883344435819,192,0.9427083333333334,3
Fis_161494,458.3947700198987,1271,GND,1.7811648071077195,1688,0.7529620853080569,3
Fis_161495,72.22426219691988,283,GND,1.1230778016372396,314,0.9012738853503185,3
Fis_161638,5.184888431394938,245,GND,1.0088336016368755,249,0.9839357429718876,3
Fis_163295,467.6377839090696,1142,GND,1.796916158411416,1516,0.7532981530343008,3
Fis_164471,5.1924518120940775,140,GND,1.0088464906650505,153,0.9150326797385621,3
Fis_164699,7.1088884910568595,52,GND,1.0121123591083507,52,1,3
Fis_165849,76.26138957733474,514,GND,1.129957615125477,680,0.7558823529411764,3
Fis_166044,59.55219287406112,3753,GND,1.1014828740473337,4320,0.86875,3
Fis_166734,426.165991573931,1142,GND,1.7262425904499916,1418,0.8053596614950634,3
Fis_166946,50.10919806943275,136,GND,1.0853907280968722,166,0.8192771084337349,3
Fis_169677,194.54803179454393,440,GND,1.331534122359853,678,0.6489675516224189,2
Fis_170052,10.787746018216126,298,GND,1.0183816320967234,451,0.6607538802660754,2
Fis_170784,11.679261451179627,102,GND,1.0199008955042714,103,0.9902912621359223,3
Fis_20033,800.5628171753109,17572,GND,2.3642656419943866,19180,0.9161626694473409,3
Fis_21798,492.46100172554,1613,GND,1.8392182937326111,2071,0.7788507967165621,3
Fis_21801,615.6841383152569,1258,GND,2.0492072579861405,1720,0.7313953488372092,3
Fis_22747,33.36144583976693,3424,GND,1.0568502831641002,3549,0.964778810932657,3
Fis_22768,61.07228848195308,9679,GND,1.104073323463748,9999,0.967996799679968,3
Fis_22814,5.500979935517535,60,GND,1.0093722645000118,60,1,3
Fis_23008,2.754130575573072,30,GND,1.0046912600391715,30,1,3
Fis_23028,5.444151280506048,182,GND,1.0092754207518648,201,0.9054726368159204,3
Fis_23029,7.933424522685527,240,GND,1.0135174805170672,255,0.9411764705882353,3
Fis_23044,564.5848130984034,1660,GND,1.9621270661219388,2148,0.7728119180633147,3
Fis_23045,719.0429659214319,1773,GND,2.225344741223124,2246,0.7894033837934105,3
Fis_23046,370.74408716719154,807,GND,1.6317961364364155,1151,0.7011294526498697,3
Fis_23047,567.8951663365406,1909,GND,1.967768357741582,2441,0.782056534207292,3
Fis_23048,480.387736006267,1210,GND,1.8186438088289432,1645,0.7355623100303952,3
Fis_23050,86.1133837742965,813,GND,1.1467467516018526,1097,0.7411121239744758,3
Fis_23051,570.2857297904447,1390,GND,1.971842202618126,1856,0.7489224137931034,3
Fis_23052,83.52802830003202,283,GND,1.1423409546606853,329,0.8601823708206687,3
Fis_23053,267.95769647807174,324,GND,1.456634163469984,438,0.7397260273972602,3
Fis_23054,733.1213412707766,13216,GND,2.2493362053247448,14823,0.8915873979626256,3
Fis_23055,22.960178579203784,140,GND,1.0391251107702004,168,0.8333333333333334,3
Fis_23056,216.0973848178728,606,GND,1.368257147328527,871,0.695752009184845,3
Fis_23057,404.10970133226147,608,GND,1.6886556755953188,814,0.7469287469287469,3
Fis_23059,368.8234527527238,1472,GND,1.6285231144815642,1908,0.7714884696016772,3
Fis_23060,556.334216486166,1660,GND,1.948066928675137,2158,0.7692307692307693,3
Fis_23061,833.5067334065461,17696,GND,2.420406550587598,19339,0.9150421428202079,3
Fis_23062,576.5667561329828,1278,GND,1.982545924764968,1711,0.7469316189362946,3
Fis_23063,569.1537324523379,1251,GND,1.9699131253754465,1628,0.7684275184275184,3
Fis_23064,579.474226444454,1950,GND,1.9875006491470988,2448,0.7965686274509803,3
Fis_23066,558.5145238380778,1935,GND,1.9517824685912064,2467,0.7843534657478719,3
Fis_23068,447.3743847187725,975,GND,1.7623845734673154,1383,0.7049891540130152,3
Fis_23070,494.4217667605735,1331,GND,1.8425597037165349,1791,0.7431602456728085,3
Fis_23071,884.3969554969368,20680,GND,2.507130402318256,22346,0.9254452698469525,3
Fis_23074,575.6106935708991,1983,GND,1.980916664280859,2301,0.8617992177314211,3
Fis_23075,625.632404798439,1969,GND,2.066160455516546,2324,0.8472461273666093,3
Fis_23076,123.91541652442402,1891,GND,1.2111665507042533,2393,0.7902214793146678,3
Fis_23077,614.9030678340894,2489,GND,2.047876207780078,2945,0.8451612903225807,3
Fis_23078,3.3423474594019353,59,GND,1.0056936615167684,59,1,3
Fis_23080,1.5125400822198571,86,GND,1.0025754211720408,87,0.9885057471264368,3
Fis_23082,11.308459540072365,291,GND,1.0192689986753836,320,0.909375,3
Fis_23084,0.07563691143968754,43,GND,1.0001267429699157,80,0.5375,2
Fis_23101,192.09819597188084,1995,GND,1.3273592693149652,2391,0.8343789209535759,3
Fis_23103,17.06474926212104,624,GND,1.0290784983369683,643,0.9704510108864697,3
Fis_23104,160.96868929269112,608,GND,1.2743103610806987,849,0.7161366313309776,3
Fis_23105,52.53405288473368,995,GND,1.0895230101116178,1162,0.8562822719449226,3
Fis_23113,129.7399448247088,1197,GND,1.2210923381731649,1496,0.8001336898395722,3
Fis_23121,13.953369649565502,237,GND,1.0237762848053042,237,1,3
Fis_23123,198.855288501396,869,GND,1.3388742729166228,1245,0.697991967871486,3
Fis_23124,8.088469815818371,92,GND,1.0137816987590178,92,1,3
Fis_23126,50.618585902499035,182,GND,1.0862587941632724,211,0.8625592417061612,3
Fis_23127,551.7870161577691,19388,GND,1.940317881591612,20921,0.9267243439606138,3
Fis_23128,448.4900671508658,896,GND,1.7642858478938153,1170,0.7658119658119659,3
Fis_23129,533.5274973852472,1972,GND,1.909201181100726,2503,0.7878545745105873,3
Fis_23138,66.11209283955395,210,GND,1.112661834731861,250,0.84,3
Fis_23144,9.488846043124797,39,GND,1.0161681300873846,39,1,3
Fis_23146,11.09381348604802,57,GND,1.0189032126402842,57,1,3
Fis_23149,715.8824507542222,2491,GND,2.219958794031407,3050,0.8167213114754098,3
Fis_23153,13.275033775600605,357,GND,1.022620308326113,398,0.8969849246231156,3
Fis_23155,41.56642633939555,170,GND,1.0708326845582,323,0.5263157894736842,2
Fis_23156,54.46971388784005,288,GND,1.0928216394148276,304,0.9473684210526315,3
Fis_23157,890.9386911655421,4854,GND,2.51827840857332,5681,0.8544270374933991,3
Fis_23158,15.951726091266435,236,GND,1.0271817556528722,330,0.7151515151515152,3
Fis_23159,10.439183272414994,151,GND,1.0177876338266432,192,0.7864583333333334,3
Fis_23161,771.8613161895978,18080,GND,2.315354385299315,19636,0.9207577918109595,3
Fis_23193,466.02638340856174,1204,GND,1.7941701130544798,1578,0.7629911280101395,3
Fis_23198,204.7854850030053,1098,GND,1.348980133355309,1403,0.782608695652174,3
Fis_23201,9.77267488965299,287,GND,1.016651812999192,321,0.8940809968847352,3
Fis_23202,13.580768507701578,416,GND,1.023141321842787,472,0.8813559322033898,3
Fis_23204,4.746651500950975,275,GND,1.008086786374187,294,0.935374149659864,3
Fis_23220,11.052738631144166,54,GND,1.0188332155076285,54,1,3
Fis_23221,12.82486172087374,73,GND,1.0218531539902942,73,1,3
Fis_23222,486.61644105509777,20188,GND,1.8292583683836123,21850,0.9239359267734554,3
Fis_23223,10.288348548812792,278,GND,1.0175305909671666,298,0.9328859060402684,3
Fis_23239,653.5074756526046,1461,GND,2.113663362999331,1923,0.7597503900156006,3
Fis_23243,131.8162671735124,2405,GND,1.2246306735178774,2500,0.962,3
Fis_23252,9.71933604311198,61,GND,1.0165609163587588,61,1,3
Fis_23253,303.6572658164405,435,GND,1.5174710793052095,478,0.9100418410041841,3
Fis_23260,0.18357824836857617,24,GND,1.000310689671559,24,1,3
Fis_23273,994.9827527905692,13281,GND,2.6955836236654753,14898,0.8914619412001611,3
Fis_23274,1105.870555463356,13212,GND,2.884551503205327,14825,0.8911973018549747,3
Fis_23277,883.4582119933796,18869,GND,2.5055306558626205,20499,0.9204839260451729,3
Fis_23278,14.703510684232242,202,GND,1.025054627032854,345,0.5855072463768116,2
Fis_23280,28.2149939384326,536,GND,1.0480800299937068,590,0.9084745762711864,3
Fis_23292,3.8860373410279863,129,GND,1.006620182933748,156,0.8269230769230769,3
Fis_23311,356.70039970830385,1086,GND,1.6078637852123825,1406,0.7724039829302988,3
Fis_23322,470.83737163343903,1226,GND,1.802368690548426,1591,0.7705845380263985,3
Fis_23898,863.8284598728612,15134,GND,2.472078891604534,16730,0.9046025104602511,3
Fis_23899,1159.9261832844654,20489,GND,2.9766696363122893,22145,0.9252201399864529,3
Fis_23993,11.324682381004097,44,GND,1.019296644600157,44,1,3
Fis_24044,11.69421305321157,53,GND,1.0199263750652654,53,1,3
Fis_24046,8.827375063672662,47,GND,1.01504089367949,47,1,3
Fis_24098,1172.1422786694543,15108,GND,2.997487522369332,16727,0.9032103784300831,3
Fis_24127,918.018459777226,13848,GND,2.564426012995421,15446,0.8965427942509387,3
Fis_24153,43.372732429834286,986,GND,1.0739108755177356,1293,0.7625676720804331,3
Fis_24377,1.632139230147004,6,GND,1.002779234367305,7,0.8571428571428571,3
Fis_24448,426.34912346945794,945,GND,1.7265546720779048,1326,0.7126696832579186,3
Fis_25062,52.14565868806676,437,GND,1.0888611336382756,666,0.6561561561561562,2
Fis_25233,87.8732749050323,693,GND,1.149745845164717,738,0.9390243902439024,3
Fis_25412,6.52016122914938,92,GND,1.0111090878771745,93,0.989247311827957,3
Fis_25414,4.467677472799551,53,GND,1.0076113767324066,53,1,3
Fis_25470,317.29485395751453,544,GND,1.540711382124277,725,0.7503448275862069,3
Fis_25603,443.6691580802908,1029,GND,1.7560703639310822,1423,0.7231201686577653,3
Fis_25664,323.36933040014264,685,GND,1.5510631151824696,1011,0.6775469831849654,3
Fis_25886,5.4562743321293965,244,GND,1.0092960800787123,277,0.8808664259927798,3
Fis_25888,632.902538919266,1289,GND,2.078549751685006,1731,0.7446562680531484,3
Fis_25889,557.839413726957,734,GND,1.9506319892501116,999,0.7347347347347347,3
Fis_25892,372.0030633549905,481,GND,1.6339416028886775,612,0.7859477124183006,3
Fis_25894,16.61998866155045,241,GND,1.0283205658541623,288,0.8368055555555556,3
Fis_25895,8.992373770452105,279,GND,1.0153220738904365,297,0.9393939393939394,3
Fis_25897,10.728869522496096,219,GND,1.0182812985498155,313,0.6996805111821086,3
Fis_25899,529.034338774677,15810,GND,1.9015442284457875,17319,0.9128702580980426,3
Fis_25900,11.586234366171992,305,GND,1.0197423647139594,336,0.9077380952380952,3
Fis_25902,285.41125522162156,1234,GND,1.4863773985841762,1589,0.776589049716803,3
Fis_25903,246.30947341190677,539,GND,1.4197426505171098,652,0.8266871165644172,3
Fis_25905,10.114979025580396,47,GND,1.0172351457478332,47,1,3
Fis_26085,254.81335411668852,1461,GND,1.434234418465514,1908,0.7657232704402516,3
Fis_26148,506.7136420009774,1298,GND,1.8635067289416771,1701,0.7630805408583187,3
Fis_26519,460.320964940257,1474,GND,1.7844473049199867,1826,0.8072289156626506,3
Fis_26902,523.8907149690931,1277,GND,1.8927787947347416,1678,0.76102502979737785,3
Fis_26903,675.56402835481,1523,GND,2.151250725122411,1966,0.7746693794506613,3
Fis_26906,432.78106622554697,898,GND,1.7375155762949936,1191,0.7539882451721243,3
Fis_26932,594.8150958461722,1090,GND,2.0136435746201085,1512,0.7208994708994709,3
Fis_27224,342.7529362832429,506,GND,1.584095412813745,580,0.8724137931034482,3
Fis_27236,45.780497225916406,152,GND,1.078014033818103,200,0.76,3
Fis_27240,569.5606013161305,1091,GND,1.9706064851913003,1452,0.7513774104683195,3
Fis_27676,296.2297726223196,893,GND,1.5048136218990835,1076,0.8299256505576208,3
Fis_27677,2.9119576872471953,32,GND,1.0049602188778182,32,1,3
Fis_27678,0.06780235930636991,14,GND,1.0001133918287792,14,1,3
Fis_28552,607.7750984562799,1243,GND,2.035729179646386,1652,0.7524213075060533,3
Fis_28553,270.9110145793529,491,GND,1.4616670187142402,566,0.8674911660777385,3
Fis_28555,218.29394015520663,616,GND,1.3720003760189967,826,0.7457627118644068,3
Fis_28559,443.6360667975914,793,GND,1.756013971890008,979,0.8100102145045965,3
Fis_28560,473.410284972706,714,GND,1.8067532844013297,899,0.7942157953281423,3
Fis_28561,501.3328250701488,865,GND,1.8543370859232184,1172,0.7380546075085325,3
Fis_28562,599.0312970736941,1180,GND,2.020828554270478,1550,0.7612903225806451,3
Fis_28563,411.8847406538662,1269,GND,1.7019053988158075,1673,0.7585176329946205,3
Fis_28785,630.7883426272347,980,GND,2.0749468739959687,1373,0.7137654770575382,3
Fis_28787,667.4394437763149,1192,GND,2.137405329299475,1610,0.7403726708074534,3
Fis_28947,642.832120801198,1453,GND,2.095471108116632,1842,0.7888165038002172,3
Fis_29298,2.1475051874294877,46,GND,1.0036574879694804,67,0.6865671641791045,3
Fis_29319,4.76861678971909,171,GND,1.0081242182101684,174,0.9827586206896551,3
Fis_29320,156.45298442670702,670,GND,1.2666149865436918,940,0.7127659574468085,3
Fis_29321,222.89607052862084,1210,GND,1.379843031361318,1502,0.8055925432756325,3
Fis_29328,99.42215443770522,7723,GND,1.1694267047700806,8614,0.8965637334571628,3
Fis_29332,225.22635857289424,447,GND,1.383814158751612,461,0.9696312364425163,3
Fis_29338,2.977111127693206,45,GND,1.0050712491912437,45,1,3
Fis_29367,4.958310197449464,302,GND,1.0084474815462383,324,0.9320987654320988,3
Fis_29380,102.00270226316844,746,GND,1.1738243088245852,1037,0.7193828351012537,3
Fis_29385,6.5177097427391,130,GND,1.011104910211304,201,0.6467661691542289,2
Fis_29388,426.6346119956952,1766,GND,1.727041183309399,2233,0.7908643081056874,3
Fis_29406,394.6486857136879,885,GND,1.6725328197298197,1147,0.7715780296425457,3
Fis_29409,0.8643249308211125,81,GND,1.0014707744959146,140,0.5785714285714286,2
Fis_29411,9.971591418143362,39,GND,1.0169907937859712,39,1,3
Fis_29416,330.80066762155457,1412,GND,1.5637271233332994,1816,0.7775330396475771,3
Fis_29421,1.708226814866066,7,GND,1.0029088979479432,7,1,3
Fis_29423,831.6162502174811,13942,GND,2.4171849104167897,15496,0.8997160557563242,3
Fis_29436,564.5224411830095,1347,GND,1.962020775905064,1761,0.7649063032367973,3
Fis_29459,22.271892942022532,73,GND,1.037952178542842,104,0.7019230769230769,3
Fis_29481,12.59768398606866,106,GND,1.021466012268752,117,0.905982905982906,3
Fis_29485,9.369397043366916,219,GND,1.0159645727649982,233,0.9399141630901288,3
Fis_29500,622.3442945459501,1027,GND,2.0605570689660917,1394,0.736728837876614,3
Fis_29505,452.60356673397655,873,GND,1.7712958099903884,1220,0.7155737704918033,3
Fis_29521,2.901593463146128,60,GND,1.0049425568320005,60,1,3
Fis_29531,622.8429358281869,15010,GND,2.0614068214499905,16371,0.9168651884429785,3
Fis_29532,20.470074935849993,803,GND,1.0348816358885893,873,0.9198167239404352,3
Fis_29536,160.3458715252309,1709,GND,1.2732489949969643,2114,0.8084200567644276,3
Fis_29539,41.12671949349806,302,GND,1.0700833643598948,442,0.6832579185520362,3
Fis_29540,12.545686684374232,356,GND,1.0213774018029824,394,0.9035532994923858,3
Fis_29547,1.6111551555804908,79,GND,1.002743474653618,80,0.9875,3
Fis_30530,141.49722429166218,1617,GND,1.2411283395770671,1948,0.830082135523614,3
Fis_30583,1164.2340478840397,14129,GND,2.984010822800838,15748,0.8971932943865888,3
Fis_30780,414.2890123539546,535,GND,1.7060026044060748,652,0.8205521472392638,3
Fis_30995,506.6902706930268,1334,GND,1.8634669010580056,1571,0.8491406747294716,3
Fis_31187,12.881226021563634,64,GND,1.0219492064155962,64,1,3
Fis_31223,195.69252209873412,725,GND,1.3334844893138715,1087,0.6669733210671573,2
Fis_31247,12.408999192171905,113,GND,1.0211444677476715,114,0.9912280701754386,3
Fis_31408,30.276910785268228,387,GND,1.0515938164061205,596,0.6493288590604027,2
Fis_31568,892.3694496489263,13446,GND,2.520716615393385,15038,0.8941348583588243,3
Fis_31570,386.1871486031905,1104,GND,1.65811321101833,1447,0.7629578438147893,3
Fis_31571,180.8164987696582,262,GND,1.3081337246966311,404,0.6485148514851485,2
Fis_31573,310.0240561926912,597,GND,1.5283209550162926,681,0.8766519823788547,3
Fis_31576,65.2039902631659,215,GND,1.1111143045786025,247,0.8704453441295547,3
Fis_31577,504.35995721687505,7085,GND,1.859495730328336,7318,0.9681606996447116,3
Fis_31578,386.1682028945352,2325,GND,1.658080924957062,2782,0.8357296908698778,3
Fis_31582,0.06113499030470848,2,GND,1.0001020297262575,3,0.6666666666666666,2
Fis_31583,8.974107671470847,281,GND,1.015290945976376,303,0.9273927392739274,3
Fis_31585,464.1766636557495,842,GND,1.7910179393166403,1015,0.8295566502463054,3
Fis_31589,32.70208987731894,132,GND,1.0557266510324994,137,0.9635036496350365,3
Fis_31594,12.35833360228662,145,GND,1.021058126699734,198,0.7323232323232324,3
Fis_31600,87.35297376515018,307,GND,1.1488591813409614,468,0.655982905982906,2
Fis_31602,12.909032087365633,334,GND,1.0219965917290958,373,0.8954423592493298,3
Fis_32598,47.324005233537264,875,GND,1.0806443811441615,1093,0.8005489478499542,3
Fis_32599,259.7818381373154,865,GND,1.4427013901907633,1184,0.7305743243243243,3
Fis_32608,10.600566337816415,40,GND,1.0180626524935072,40,1,3
Fis_32609,280.12608122924576,808,GND,1.4773707441256554,870,0.9287356321839081,3
Fis_32610,532.2850157404573,1364,GND,1.907083823590487,1799,0.7581989994441356,3
Fis_32611,488.6547569761278,1160,GND,1.832731935612336,1609,0.7209446861404599,3
Fis_32811,299.6525574923289,538,GND,1.510646512292947,591,0.9103214890016921,3
Fis_32960,11.702717546315398,295,GND,1.0199408678768251,334,0.8832335329341318,3
Fis_32975,510.954941833912,1113,GND,1.8707344800252423,1452,0.7665289256198347,3
Fis_32976,0.06241990067064762,2,GND,1.0001042193880727,3,0.6666666666666666,2
Fis_33107,146.43634591872978,415,GND,1.2495452737948956,649,0.6394453004622496,2
Fis_33775,49.75782703963705,380,GND,1.084791944129368,584,0.6506849315068494,2
Fis_33777,55.29708053716422,332,GND,1.0942315845806283,525,0.6323809523809524,2
Fis_34717,2.554286597223836,63,GND,1.0043506987518411,67,0.9402985074626866,3
Fis_35264,516.3418352993904,1319,GND,1.8799144782842243,1756,0.7511389521640092,3
Fis_35265,452.9351036001972,1011,GND,1.771860793848747,1356,0.745575221238938,3
Fis_35514,845.5969326638985,14062,GND,2.4410098925405253,15642,0.898989898989899,3
Fis_47352,593.5445698794665,1151,GND,2.0114784257755853,1498,0.7683578104138852,3
Fis_47368,92.6060561244667,296,GND,1.157811147297194,345,0.8579710144927536,3
Fis_47420,6.549139867769554,226,GND,1.011158471414047,238,0.9495798319327731,3
Fis_47424,0.00185655383393168,1,GND,1.0000010112177085,2,0.5,2
Fis_47425,3.2664145515300333,93,GND,1.00556426152649,102,0.9117647058823529,3
Fis_47427,643.850734193169,1349,GND,2.0972069637122166,1787,0.7548964745383324,3
Fis_47488,387.48661274148617,646,GND,1.660327674438409,758,0.8522427440633246,3
Fis_47495,66.64044284133706,319,GND,1.1135622149097104,349,0.9140401146131805,3
Fis_47714,14.888773631151707,136,GND,1.025370340261837,187,0.7272727272727273,3
Fis_47835,34.74590232560877,235,GND,1.059209585090361,265,0.8867924528301887,3
Fis_48194,258.2790826616972,1282,GND,1.44014049071535,1638,0.7826617826617827,3
Fis_53171,4.999873813823797,116,GND,1.0085183115948368,129,0.8992248062015504,3
Fis_54405,1.7408961430191994,10,GND,1.0029645709211494,10,1,3
Fis_54647,1.5100907822488807,67,GND,1.00257124723216,69,0.9710144927536232,3
Fis_54691,10.721064411802216,292,GND,1.018267997580892,320,0.9125,3
Fis_54720,10.066909927874804,259,GND,1.017153229475296,302,0.8576158940397351,3
Fis_54787,5.243780982331373,155,GND,1.008933962544053,169,0.9171597633136095,3
Fis_54790,2.1249147037160583,69,GND,1.0036189907163813,70,0.9857142857142858,3
Fis_54800,11.122174810268916,300,GND,1.01895154418956,325,0.9230769230769231,3
Fis_54855,12.714569564472184,335,GND,1.0216652011729177,364,0.9203296703296703,3
Fis_54860,3.390100264456123,54,GND,1.0057750387836604,67,0.8059701492537313,3
Fis_57444,249.12122417723276,659,GND,1.4245342557893874,1018,0.6473477406679764,2
Fis_58162,463.8961453684551,1650,GND,1.7905398980474974,1976,0.8350202429149798,3
Fis_58165,10.502403741506557,312,GND,1.017895370094292,399,0.7819548872180451,3
Fis_58273,31.857758545638266,369,GND,1.0542877957433603,545,0.6770642201834862,3
Fis_58285,2.321901420975337,25,GND,1.0039546828426635,25,1,3
Fis_58398,33.80419602166057,405,GND,1.0576047896203713,617,0.6564019448946515,2
Fis_58409,20.31372480592472,124,GND,1.0346151940274864,200,0.62,2
Fis_58485,980.86005460573665,19022,GND,2.671516627431055,20646,0.9213406955342439,3
Fis_6035,454.3059128593431,956,GND,1.7741968390467822,1320,0.7242424242424242,3
Fis_60598,1.4220433747395873,19,GND,1.00242120248878,19,1,3
Fis_61240,383.20876449416346,736,GND,1.653037639891731,1106,0.6654611211573237,2
Fis_61250,5.123272032942623,154,GND,1.0087285989235044,179,0.8603351955307262,3
Fis_61406,6.345719451317564,193,GND,1.010811815390341,208,0.9278846153846154,3
Fis_61410,2.6308313378249295,73,GND,1.0044811413882058,78,0.9358974358974359,3
Fis_61506,4.197182137051641,40,GND,1.0071504159342877,40,1,3
Fis_61508,732.5540197469722,4231,GND,2.248369412379203,5011,0.8443424466174416,3
Fis_61614,2.3037504534258915,2211,GND,1.003923751128203,2229,0.9919246298788694,3
Fis_61628,189.33722232030425,2625,GND,1.3226541951424395,3123,0.840537944284342,3
Fis_61691,214.1747965443084,7441,GND,1.364980795732349,7590,0.9803689064558629,3
Fis_64122,50.67804609052837,83,GND,1.086360122401168,109,0.7614678899082569,3
Fis_6652,6.216769407408719,241,GND,1.010592066998032,251,0.9601593625498008,3
Fis_8339,384.47167825771976,1147,GND,1.655189816507992,1552,0.7390463917525774,3
ITS_Mam_180417,746.7812934553647,15790,GND,2.2726146195120505,17343,0.9104537853889177,3
ITS_Mam_180419,374.10336836695205,1054,GND,1.6375208079493864,1417,0.7438249823570925,3
ITS_Mam_180426,1173.6166198347769,20146,GND,3,21809,0.9237470768948599,3
ITS_Mam_180429,566.4936376291298,11193,GND,1.965379962430556,12702,0.8811998110533774,3
ITS_Mam_180430,554.0233576773023,15619,GND,1.9441289113413864,17105,0.9131248173048816,3
ITS_Mam_180434,710.1498631092213,18911,GND,2.21018968592897,20441,0.9251504329533781,3
ITS_Mam_180438,119.33341755941676,4551,GND,1.203358202016651,4714,0.9654221467967755,3
ITS_Mam_180440,190.82762255887496,15418,GND,1.3251940396155009,16814,0.916973950279529,3
ITS_Mam_180445,20.810380552355127,8395,GND,1.035461562888642,8992,0.9336076512455516,3
ITS_Mam_180447,4.3169816065774285,4196,GND,1.007354570504769,4765,0.8805876180482686,3
ITS_Mam_180449,0.08687857347490535,55,GND,1.0001459002891706,59,0.9322033898305084,3
ITS_Mam_180451,0.8117432493017986,19,GND,1.0013811681675373,19,1,3
ITS_Mam_180455,45.55842678804038,9126,GND,1.077635595624339,9722,0.9386957416169512,3
ITS_Mam_180457,724.3651654409837,20099,GND,2.234414492209763,21707,0.9259225134749159,3
ITS_Mam_180459,653.9550469266271,10543,GND,2.114426085251521,12060,0.874212271973466,3
ITS_Mam_180461,700.6878302376397,12402,GND,2.1940650965261543,13920,0.8909482758620689,3
ITS_Mam_180463,549.2317195682592,18771,GND,1.935963309073479,20286,0.9253179532682638,3
ITS_Mam_180466,626.4895663657308,17507,GND,2.0676211752701157,19056,0.9187132661628883,3
ITS_Mam_180469,498.221621103163,21191,GND,1.8490351717154656,23366,0.9069160318411367,3
ITS_Mam_180471,165.7305639386177,249,GND,1.282425242364176,317,0.7854889589905363,3
ITS_Mam_180475,4.452242452922292,5197,GND,1.0075850733617333,5776,0.8997576177285319,3
ITS_Mam_180478,353.26188942277804,429,GND,1.6020040965742266,591,0.7258883248730964,3
ITS_Mam_180488,516.3778601822687,21095,GND,1.8799758695785247,23169,0.9104838361603868,3
ITS_Mam_180491,301.1801769609667,18782,GND,1.513249783390167,20329,0.9239018151409317,3
ITS_Mam_180492,671.2037083290119,15883,GND,2.1438201474616596,17411,0.9122393888920797,3
ITS_Mam_180495,44.44329243545008,11935,GND,1.0757352551997674,12594,0.9476734953152295,3
ITS_Mam_180498,632.4810765134699,20549,GND,2.0778315224910875,22113,0.9292723737168181,3
ITS_Mam_180500,6.672253998380256,2471,GND,1.011368274617304,2494,0.9907778668805133,3
ITS_Mam_180502,850.2360790874372,15686,GND,2.448915628260782,17227,0.910547396528705,3
ITS_Mam_180505,53.82630786427126,11964,GND,1.0917251881458296,12626,0.947568509424996,3
ITS_Mam_180507,27.211615509587205,8072,GND,1.0463701368449134,8137,0.9920117979599361,3
ITS_Mam_180508,87.1812243646009,9724,GND,1.148566497030769,9826,0.9896193771626297,3
ITS_Mam_180510,1082.0705358654916,15765,GND,2.843993036647137,17379,0.9071292939754877,3
ITS_Mam_180511,69.84524275566173,11942,GND,1.1190236293264653,12607,0.9472515269294837,3
ITS_Mam_180513,81.37971733895347,11991,GND,1.138679940941213,12660,0.9471563981042654,3
ITS_Mam_180516,69.39421305296878,11952,GND,1.1182550134420033,12616,0.9473684210526315,3
ITS_Mam_180517,546.849387599654,18811,GND,1.931903491766108,20328,0.9253738685556867,3
ITS_Mam_180524,142.9762213348688,21096,GND,1.2436487514561372,23183,0.9099771384203943,3
ITS_Mam_180525,674.6702927447352,19189,GND,2.149727678231461,20759,0.9243701527048509,3
ITS_Mam_180526,62.68820630284412,16783,GND,1.1068270669482816,18311,0.91655289170444,3
ITS_Mam_180527,179.7172576266653,21163,GND,1.3062604684602594,23281,0.9090245264378678,3
ITS_Mam_180528,425.191542470865,20874,GND,1.724581996802291,22909,0.9111702824217557,3
ITS_Mam_180530,551.3442586817819,21135,GND,1.9395633627052145,23311,0.90665351121788,3
ITS_Mam_180535,65.7421408916266,9868,GND,1.112031386355697,10477,0.9418726734752315,3
ITS_Mam_552461,42.99533267169113,11856,GND,1.0732677350612003,12522,0.9468136080498323,3
ITS_Mam_552771,96.03587593566874,12005,GND,1.1636560261865263,12688,0.9461696090794451,3
ITS_Mam_555654,381.03747077585,2267,GND,1.6493374604317894,2800,0.8096428571428571,3
ITS_Mam_612592,18.89891038609835,11890,GND,1.0322041580576788,12553,0.9471839400940014,3
ITS_Mam_612596,485.34461481047686,2128,GND,1.8270910036888828,2651,0.8027159562429272,3
ITS_Mam_612597,946.173328481374,18899,GND,2.6124057340243003,20478,0.922892860630921,3
ITS_Mam_771132,14.999441987019964,182,GND,1.0255589341742108,208,0.875,3
Rep_2666,1134.86551153828,17265,GND,2.9339628472374337,18890,0.9139756484912652,3
Rep_2941,652.9740359852476,1778,GND,2.1127543093399277,2283,0.7787998247919404,3
Rep_4381,984.5215993490646,21171,GND,2.677756397083888,23020,0.9196785403996525,3
Rep_5181,739.4997867016791,1869,GND,2.2602059428322594,2386,0.7833193629505448,3
Rep_6936,365.5655511765199,1163,GND,1.6229712076192608,1502,0.774300932090546,3
Rep_8732,82.10591440327698,546,GND,1.1399174793905789,612,0.8921568627450981,3
Fis_125906,3.6243164754705504,73,PST,1.00617417502482,73,1,3
Fis_131127,37.79423126319307,371,PST,1.0644043517066233,556,0.6672661870503597,3
Fis_131407,6.9190089027397335,195,PST,1.0117887784952686,212,0.9198113207547169,3
Fis_131465,20.794956322513823,326,PST,1.0354352779056557,370,0.8810810810810811,3
Fis_131805,2.0020258013973944,37,PST,1.0034095713327305,37,1,3
Fis_131815,54.68765992298722,309,PST,1.0931930490660533,355,0.8704225352112676,3
Fis_131821,9.356551792247046,119,PST,1.0159426827121,119,1,3
Fis_131829,5.244887609267607,41,PST,1.0089358483866844,41,1,3
Fis_131831,1.009759653301444,39,PST,1.0017186150199051,39,1,3
Fis_131843,27.300091584597453,502,PST,1.0465209120959482,723,0.69432918395574,3
Fis_131844,19.29660087491891,354,PST,1.032881876675725,486,0.7283950617283951,3
Fis_131852,13.943622903096127,1500,PST,1.0237596750252531,1519,0.9874917709019092,3
Fis_132130,14.500681503210217,78,PST,1.0247089785546382,108,0.7222222222222222,3
Fis_132518,0.00383581675123423,4,PST,1.0000043841505966,4,1,3
Fis_132520,4.201437400930445,199,PST,1.0071576674820024,203,0.9802955665024631,3
Fis_132528,19.59423679778888,267,PST,1.0333890887212698,407,0.6560196560196561,2
Fis_132543,1.2867620531324064,25,PST,1.0021906647391874,25,1,3
Fis_132550,9.744513422547245,295,PST,1.0166038220335902,478,0.6171548117154811,2
Fis_132559,3.8122633995953943,64,PST,1.0064944621155716,64,1,3
Fis_139820,7.059322679415345,257,PST,1.0120278922319423,296,0.8682432432432432,3
Fis_140161,43.00655482046568,387,PST,1.0732868591272084,639,0.6056338028169014,2
Fis_140634,11.714426384254692,1836,PST,1.0199608213272853,1868,0.9828693790149893,3
Fis_140639,37.23511585430275,7763,PST,1.0634515430956724,7848,0.9891692150866462,3
Fis_140641,5.362622884195503,1072,PST,1.0091364852891562,1084,0.988929889298893,3
Fis_140692,15.144898281567407,2941,PST,1.025806811459934,2978,0.9875755540631296,3
Fis_142376,1.0283355197752826,21,PST,1.001750270819854,21,1,3
Fis_144985,10.09264864778379,156,PST,1.017197091750551,160,0.975,3
Fis_146573,34.17071596892258,7774,PST,1.0582293894011745,7929,0.9804515071257409,3
Fis_146574,10.24461084002344,2516,PST,1.0174560559697492,2585,0.9733075435203095,3
Fis_148497,69.03356761358737,353,PST,1.1176404246206637,445,0.7932584269662921,3
Fis_149485,19.019249266624684,401,PST,1.0324092318577829,415,0.9662650602409638,3
Fis_154008,23.89190611036247,249,PST,1.0407129010557696,348,0.7155172413793104,3
Fis_154010,32.52068728656741,213,PST,1.0554175163748445,255,0.8352941176470589,3
Fis_154012,8.52886197052976,147,PST,1.014532186816639,224,0.65625,2
Fis_154456,117.50121822067786,803,PST,1.2002358854444892,1074,0.7476722532588455,3
Fis_156398,45.49292133911513,549,PST,1.077523965440646,610,0.9,3
Fis_15849,14.981573977412154,258,PST,1.025528484658522,381,0.6771653543307087,3
Fis_159132,4.2342236944969045,203,PST,1.0072135397801625,233,0.871244635193133,3
Fis_159136,8.762949776843016,355,PST,1.0149311042387443,372,0.9543010752688172,3
Fis_159582,123.98322664582156,981,PST,1.2112821083629226,1370,0.7160583941605839,3
Fis_159583,114.32460227102638,905,PST,1.194822500332247,1177,0.7689039932030586,3
Fis_159584,57.17246045457432,502,PST,1.0974274867248015,576,0.8715277777777778,3
Fis_159586,12.179770477614994,2857,PST,1.0207538308780126,2861,0.9986018874519399,3
Fis_160267,40.30431635834975,515,PST,1.0686818776965286,546,0.9432234432234432,3
Fis_160378,62.081237742176654,894,PST,1.105792710065991,913,0.9791894852135816,3
Fis_160439,116.17669544691589,4218,PST,1.197978718705433,4266,0.9887482419127989,3
Fis_160444,118.23188031456704,7765,PST,1.2014810329107963,7880,0.9854060913705583,3
Fis_160464,6.899311745277373,340,PST,1.0117552118631512,353,0.9631728045325779,3
Fis_160691,23.676660981524037,223,PST,1.0403460941158045,239,0.9330543933054394,3
Fis_160851,8.678885944842477,289,PST,1.0147878480491883,316,0.9145569620253164,3
Fis_160854,9.4732197066769,284,PST,1.0161415006872851,307,0.9250814332247557,3
Fis_160862,0.5217756745405495,24,PST,1.0008870240288923,24,1,3
Fis_160879,10.564497306975682,290,PST,1.0180011859650815,298,0.9731543624161074,3
Fis_160881,0.11982022249139844,9,PST,1.000202037334122,9,1,3
Fis_160886,2.3715481355320662,125,PST,1.00403928758863,138,0.9057971014492754,3
Fis_160887,0.759790212585358,72,PST,1.0012926331353036,82,0.8780487804878049,3
Fis_160925,0.02353378867246647,10,PST,1.0000379521706626,10,1,3
Fis_160938,1.803326328117464,298,PST,1.003070960437516,369,0.8075880758807588,3
Fis_161155,36.324125367578745,557,PST,1.061899091550887,563,0.9893428063943162,3
Fis_161159,15.630029145351727,242,PST,1.0266335403554392,248,0.9758064516129032,3
Fis_161202,42.94158409364172,449,PST,1.0731761401826163,459,0.9782135076252724,3
Fis_161209,19.25077696237713,641,PST,1.0328037865037087,704,0.9105113636363636,3
Fis_161213,8.131982976017753,382,PST,1.0138558510951337,403,0.9478908188585607,3
Fis_161218,12.626914323191158,375,PST,1.021515824734065,387,0.9689922480620154,3
Fis_161221,38.205828682464926,477,PST,1.0651057696233746,484,0.9855371900826446,3
Fis_161225,1.6549985835008556,129,PST,1.0028181898107966,131,0.9847328244274809,3
Fis_161228,33.80260880704009,481,PST,1.0576020847910397,492,0.9776422764227642,3
Fis_161233,12.302812176574662,246,PST,1.0209635106478967,249,0.9879518072289156,3
Fis_161235,3.847028690506704,192,PST,1.006553706894048,199,0.964824120603015,3
Fis_161400,79.86221209778051,6598,PST,1.1360939058615815,6770,0.9745937961595273,3
Fis_161402,6.2561611916462425,304,PST,1.010659195949632,312,0.9743589743589743,3
Fis_161412,40.4280744070129,460,PST,1.0688927782236215,472,0.9745762711864406,3
Fis_161438,3.2005756634844147,160,PST,1.0054520631172388,163,0.9815950920245399,3
Fis_161440,27.583056913775938,4454,PST,1.0470031234568853,4473,0.9957522915269394,3
Fis_161448,34.24506367943863,2260,PST,1.058356087999814,2323,0.9728798966853207,3
Fis_161453,11.07575018027137,663,PST,1.0188724303133931,707,0.9377652050919377,3
Fis_161456,46.54533792089205,514,PST,1.0793174262637248,586,0.8771331058020477,3
Fis_161457,33.060610299158725,442,PST,1.0563376185352709,474,0.9324894514767933,3
Fis_161466,6.6643715311802225,339,PST,1.011354841822385,383,0.8851174934725848,3
Fis_161470,3.5985414297610987,228,PST,1.006130250845466,242,0.9421487603305785,3
Fis_161473,11.634148393532088,260,PST,1.0198240167255623,272,0.9558823529411765,3
Fis_161480,114.46515645151884,1021,PST,1.1950620237496827,1372,0.7441690962099126,3
Fis_161488,41.90549280341656,549,PST,1.0714104998740848,621,0.8840579710144928,3
Fis_161491,39.97738357906928,500,PST,1.0681247398277676,567,0.8818342151675485,3
Fis_161493,19.359088989906013,181,PST,1.0329883649124918,192,0.9427083333333334,3
Fis_161494,134.9452143749745,1266,PST,1.229962824607544,1688,0.75,3
Fis_161495,22.103741269616876,283,PST,1.0376656252501473,314,0.9012738853503185,3
Fis_161638,3.9882572355163575,245,PST,1.0067943795202314,249,0.9839357429718876,3
Fis_163295,133.26451708537752,1138,PST,1.2270986881082329,1516,0.7506596306068601,3
Fis_164471,4.210629816108849,140,PST,1.007173332606229,153,0.9150326797385621,3
Fis_164699,4.231165586854331,52,PST,1.0072083283493043,52,1,3
Fis_165849,26.69943001733691,517,PST,1.0454973031872097,680,0.7602941176470588,3
Fis_166044,47.09275336594328,3855,PST,1.080250296546888,4320,0.8923611111111112,3
Fis_166734,128.7636007007668,1145,PST,1.2194285151524586,1418,0.807475317348378,3
Fis_166946,9.11463120647204,136,PST,1.0155304171697317,166,0.8192771084337349,3
Fis_169677,44.6028459195777,440,PST,1.0760071560115976,678,0.6489675516224189,2
Fis_170052,4.436333318250263,278,PST,1.0075579620350426,451,0.6164079822616408,2
Fis_170784,9.732779525133084,102,PST,1.0165838258783808,103,0.9902912621359223,3
Fis_20033,379.1188153296111,17851,PST,1.6460678109076374,19180,0.9307090719499479,3
Fis_21798,148.97932396282795,1609,PST,1.2538788538382086,2071,0.7769193626267503,3
Fis_21801,159.36558302933145,1252,PST,1.2715784502306111,1720,0.727906976744186,3
Fis_22747,25.352190704088173,3272,PST,1.0432014243788923,3549,0.9219498450267681,3
Fis_22768,55.31990050944648,9338,PST,1.0942704729134245,9999,0.9338933893389338,3
Fis_22814,3.2777762801852077,60,PST,1.0055836234555762,60,1,3
Fis_23008,1.6572036283905618,30,PST,1.0028219475068376,30,1,3
Fis_23028,4.601140919607133,182,PST,1.007838816576388,201,0.9054726368159204,3
Fis_23029,6.403374695859384,240,PST,1.0109100677593374,255,0.9411764705882353,3
Fis_23044,160.2402299876885,1645,PST,1.2730689674658968,2148,0.765828677839851,3
Fis_23045,184.11896753973633,1754,PST,1.3137615801116198,2246,0.7809439002671416,3
Fis_23046,102.03668037997886,807,PST,1.1738822121514585,1151,0.7011294526498697,3
Fis_23047,162.01800783189492,1891,PST,1.276098542418373,2441,0.774682507169193,3
Fis_23048,132.59581002105824,1201,PST,1.2259591204287237,1645,0.7300911854103344,3
Fis_23050,34.930205718572324,797,PST,1.0595236631090508,1097,0.7265268915223336,3
Fis_23051,157.12818409106285,1377,PST,1.2677656184956645,1856,0.7419181034482759,3
Fis_23052,24.945951500791125,283,PST,1.04250913759006,329,0.8601823708206687,3
Fis_23053,46.9694963501006,314,PST,1.080040249847785,438,0.7168949771689498,3
Fis_23054,322.9888238264739,13489,PST,1.550414680290227,14823,0.910004722390879,3
Fis_23055,8.391202782280743,140,PST,1.0142975968592625,168,0.8333333333333334,3
Fis_23056,62.37701083494176,591,PST,1.1062967475959768,871,0.6785304247990815,3
Fis_23057,104.44079341542964,615,PST,1.177979147355629,814,0.7555282555282555,3
Fis_23059,118.52015030327856,1465,PST,1.2019722841322,1908,0.7678197064989518,3
Fis_23060,157.8156669191044,1647,PST,1.2689371826271896,2158,0.763206672845227,3
Fis_23061,387.4021888308489,17971,PST,1.6601838046259405,19339,0.9292621128289984,3
Fis_23062,152.77372741519866,1269,PST,1.2603450327797194,1711,0.7416715371127995,3
Fis_23063,153.91787338037466,1245,PST,1.2622948129332805,1628,0.7647420147420148,3
Fis_23064,162.3392752061336,1922,PST,1.276646025667314,2448,0.7851307189542484,3
Fis_23066,160.53136182310027,1918,PST,1.2735650956628513,2467,0.7774625050668829,3
Fis_23068,129.99303132294517,974,PST,1.221523631947224,1383,0.7042660882140275,3
Fis_23070,141.00166357960595,1323,PST,1.2402838368032425,1791,0.7386934673366834,3
Fis_23071,384.3614051177012,20744,PST,1.655001896097115,22346,0.9283093171037322,3
Fis_23074,158.33510315942067,1973,PST,1.2698223725445907,2301,0.8574532811820947,3
Fis_23075,164.36694599007228,1958,PST,1.2801014521363232,2324,0.842512908777969,3
Fis_23076,57.27274456511691,1906,PST,1.0975983844724708,2393,0.7964897618052653,3
Fis_23077,172.25897931263103,2475,PST,1.2935505490277324,2945,0.8404074702886248,3
Fis_23078,2.001839296601247,59,PST,1.0034092535032215,59,1,3
Fis_23080,1.1778579189376617,86,PST,1.0020050773002096,87,0.9885057471264368,3
Fis_23082,9.396057018544523,291,PST,1.0160100049843808,320,0.909375,3
Fis_23084,2.367562767554773,43,PST,1.004032495980196,80,0.5375,2
Fis_23101,71.50516490829995,1976,PST,1.1218523621701566,2391,0.8264324550397323,3
Fis_23103,11.75012570589024,624,PST,1.020021657821001,643,0.9704510108864697,3
Fis_23104,36.883265321876934,609,PST,1.0628519419905471,849,0.7173144876325088,3
Fis_23105,28.282465156526087,995,PST,1.0481950101151067,1162,0.8562822719449226,3
Fis_23113,45.08416402051216,1190,PST,1.0768273874412535,1496,0.7954545454545454,3
Fis_23121,8.142865149618956,237,PST,1.0138743957972618,237,1,3
Fis_23123,67.6662096281434,853,PST,1.1153102608618624,1245,0.685140562248996,3
Fis_23124,4.883428546024334,92,PST,1.0083198730397556,92,1,3
Fis_23126,15.53586322721094,182,PST,1.026473068838761,211,0.8625592417061612,3
Fis_23127,338.067588268028,19562,PST,1.5761109433049207,20921,0.9350413460159648,3
Fis_23128,114.84724364047202,893,PST,1.195713152225092,1170,0.7632478632478632,3
Fis_23129,147.4306318985682,1952,PST,1.2512396721753982,2503,0.7798641630043948,3
Fis_23138,14.92495798424352,199,PST,1.0254320033150446,250,0.796,3
Fis_23144,5.614554713945836,39,PST,1.009565811351257,39,1,3
Fis_23146,6.56791347420949,57,PST,1.0111904641897604,57,1,3
Fis_23149,196.32050499225736,2458,PST,1.3345546574740843,3050,0.8059016393442623,3
Fis_23153,10.83136322296923,357,PST,1.018455961738893,398,0.8969849246231156,3
Fis_23155,12.531852289204837,178,PST,1.0213538261142516,323,0.5510835913312694,2
Fis_23156,15.96173451942741,288,PST,1.0271988113740742,304,0.9473684210526315,3
Fis_23157,248.91175566416695,4868,PST,1.424177292987435,5681,0.8568913923604999,3
Fis_23158,15.851369543052895,233,PST,1.027010734461571,330,0.706060606060606,3
Fis_23159,6.433334367080988,152,PST,1.0109611231090332,192,0.7916666666666666,3
Fis_23161,372.401053124097,18364,PST,1.6346198315209874,19636,0.9352210226115298,3
Fis_23193,132.86265800496676,1198,PST,1.226413865643826,1578,0.7591888466413181,3
Fis_23198,69.32696628923168,1088,PST,1.1181404158213182,1403,0.7754811119030649,3
Fis_23201,8.049015000549844,287,PST,1.0137144623939782,321,0.8940809968847352,3
Fis_23202,10.603559058508836,416,PST,1.0180677524961197,472,0.8813559322033898,3
Fis_23204,3.8285085439420072,275,PST,1.0065221460483935,294,0.935374149659864,3
Fis_23220,6.5383867545751855,54,PST,1.0111401466483847,54,1,3
Fis_23221,7.636141121365654,73,PST,1.013010869216133,73,1,3
Fis_23222,267.42943712195745,20364,PST,1.4557339377646683,21850,0.9319908466819222,3
Fis_23223,8.53740963130258,278,PST,1.014546753191771,298,0.9328859060402684,3
Fis_23239,173.9015798725468,1449,PST,1.2963497635243364,1923,0.7535101404056163,3
Fis_23243,60.93892634367171,2461,PST,1.103846056263258,2500,0.9844,3
Fis_23252,5.781040718953591,61,PST,1.0098495261204297,61,1,3
Fis_23253,76.45253706321637,435,PST,1.1302833564082495,478,0.9100418410041841,3
Fis_23260,0.11550527325016446,24,PST,1.0001946840744416,24,1,3
Fis_23273,383.626184877804,13541,PST,1.6537489809307993,14898,0.9089139481809639,3
Fis_23274,425.90330594642,13487,PST,1.7257949384556346,14825,0.9097470489038786,3
Fis_23277,393.38356531849905,19142,PST,1.6703768827134924,20499,0.9338016488609201,3
Fis_23278,15.695808779910294,213,PST,1.026745637788699,345,0.6173913043478261,2
Fis_23280,14.000670161432936,536,PST,1.0238568913031634,590,0.9084745762711864,3
Fis_23292,3.4327452788711525,129,PST,1.0058477116814248,156,0.8269230769230769,3
Fis_23311,109.87062868690737,1084,PST,1.1872323242855534,1406,0.7709815078236131,3
Fis_23322,127.08689836079613,1216,PST,1.216571186590013,1591,0.764299182903834,3
Fis_23898,381.5952760857874,15407,PST,1.6502880364561514,16730,0.9209205020920502,3
Fis_23899,477.1961433226403,20605,PST,1.8132049013274616,22145,0.930458342741025,3
Fis_23993,6.7085773050785065,44,PST,1.0114301744663334,44,1,3
Fis_24044,6.980954894097522,53,PST,1.0118943428797251,53,1,3
Fis_24046,5.228777900338173,47,PST,1.0089083952542115,47,1,3
Fis_24098,445.1466368049903,15381,PST,1.758588188389157,16727,0.9195312967059246,3
Fis_24127,382.0608972306373,14125,PST,1.6510815181402536,15446,0.9144762398031853,3
Fis_24153,24.37688682710086,973,PST,1.0415393740803114,1293,0.7525135344160866,3
Fis_24377,0.1909257867373526,6,PST,1.0003232108750812,7,0.8571428571428571,3
Fis_24448,119.89658385105668,948,PST,1.2043179138821074,1326,0.7149321266968326,3
Fis_25062,26.64894259515768,444,PST,1.0454112657612469,666,0.6666666666666666,2
Fis_25233,34.471840752352364,693,PST,1.0587425469390646,738,0.9390243902439024,3
Fis_25412,6.732913376385113,92,PST,1.0114716464378244,93,0.989247311827957,3
Fis_25414,2.67554011309403,53,PST,1.0045573312148215,53,1,3
Fis_25470,79.22502170113853,542,PST,1.135008046865242,725,0.7475862068965518,3
Fis_25603,124.31319909052854,1017,PST,1.2118444262344998,1423,0.7146872803935348,3
Fis_25664,85.29571093183131,682,PST,1.1453533259998148,1011,0.6745796241345203,3
Fis_25886,4.269010978532606,244,PST,1.0072728220379106,277,0.8808664259927798,3
Fis_25888,165.37958320067537,1283,PST,1.28182712350701,1731,0.7411900635470826,3
Fis_25889,122.51857494425803,725,PST,1.2087861428947853,999,0.7257257257257257,3
Fis_25892,90.30061200179624,466,PST,1.1538823573242862,612,0.761437908496732,3
Fis_25894,6.556823541293852,241,PST,1.011171565437537,288,0.8368055555555556,3
Fis_25895,7.55105608899612,279,PST,1.0128658727624211,297,0.9393939393939394,3
Fis_25897,14.655896872794528,225,PST,1.0249734866299662,313,0.7188498402555911,3
Fis_25899,315.3828696361803,16092,PST,1.5374531011032155,17319,0.9291529534037762,3
Fis_25900,9.639777748845518,305,PST,1.016425338217566,336,0.9077380952380952,3
Fis_25902,80.62732438807143,1226,PST,1.137397761142516,1589,0.7715544367526747,3
Fis_25903,41.06310081489164,506,PST,1.069974949489137,652,0.7760736196319018,3
Fis_25905,5.9286932310023985,47,PST,1.010101146059125,47,1,3
Fis_26085,92.19701785601956,1448,PST,1.1571140905211013,1908,0.7589098532494759,3
Fis_26148,139.5256326195531,1293,PST,1.2377684795328,1701,0.7601410934744268,3
Fis_26519,138.42206057414205,1466,PST,1.2358878428503677,1826,0.8028477546549836,3
Fis_26902,135.44244683832494,1262,PST,1.2308101762726769,1678,0.7520858164481525,3
Fis_26903,176.52892820833858,1519,PST,1.3008271220061542,1966,0.7726347914547305,3
Fis_26906,112.8497393133539,895,PST,1.1923091334965306,1191,0.7514693534844669,3
Fis_26932,147.14275551884475,1076,PST,1.2507490917171808,1512,0.7116402116402116,3
Fis_27224,86.81041730509605,506,PST,1.1479345914283123,580,0.8724137931034482,3
Fis_27236,18.82403225787857,151,PST,1.0320765555552165,200,0.755,3
Fis_27240,141.8744411727198,1086,PST,1.2417711683862054,1452,0.7479338842975206,3
Fis_27676,73.90074554714101,885,PST,1.1259347570114029,1076,0.8224907063197026,3
Fis_27677,1.748768355479115,32,PST,1.0029779862405983,32,1,3
Fis_27678,0.04092217525976593,14,PST,1.0000675843435691,14,1,3
Fis_28552,162.0830562734334,1237,PST,1.276209393799396,1652,0.7487893462469734,3
Fis_28553,70.67678979388438,491,PST,1.1204406984428428,566,0.8674911660777385,3
Fis_28555,66.6219279727593,615,PST,1.1135306630584627,826,0.7445520581113801,3
Fis_28559,111.3322792293834,787,PST,1.1897231753709068,979,0.8038815117466803,3
Fis_28560,113.35729713244656,710,PST,1.1931740809705178,899,0.7897664071190211,3
Fis_28561,124.43010493266776,858,PST,1.2120436496708238,1172,0.7320819112627986,3
Fis_28562,163.24502493493037,1174,PST,1.2781895462486497,1550,0.7574193548387097,3
Fis_28563,122.67336193237134,1263,PST,1.2090499209498924,1673,0.7549312612074118,3
Fis_28785,146.36241064256865,961,PST,1.2494192780404247,1373,0.6999271667880553,3
Fis_28787,167.2860478158418,1177,PST,1.2850759981989257,1610,0.731055900621118,3
Fis_28947,169.4181424038079,1447,PST,1.2887093770156677,1842,0.7855591748099892,3
Fis_29298,1.2915862067602577,46,PST,1.0021988857523163,67,0.6865671641791045,3
Fis_29319,3.8401281342376024,171,PST,1.006541947408745,174,0.9827586206896551,3
Fis_29320,42.378728821599594,664,PST,1.072216958336805,940,0.7063829787234043,3
Fis_29321,80.91631433840848,1208,PST,1.1378902392763346,1502,0.8042609853528628,3
Fis_29328,53.30556215495292,7544,PST,1.0908377667153617,8614,0.87578360807987,3
Fis_29332,57.12495669347845,447,PST,1.0973465338626465,461,0.9696312364425163,3
Fis_29338,1.8903677669586616,45,PST,1.0032192908736275,45,1,3
Fis_29367,4.026141564832869,302,PST,1.0068589395638627,324,0.9320987654320988,3
Fis_29380,34.56880452410587,745,PST,1.058907786378379,1037,0.7184185149469624,3
Fis_29385,10.597031273056928,137,PST,1.0180566282629289,201,0.681592039800995,3
Fis_29388,124.82846163845898,1742,PST,1.2127225036130915,2233,0.7801164352888491,3
Fis_29406,114.7335375133532,898,PST,1.195519381537835,1147,0.7829119442022667,3
Fis_29409,2.8477781980127475,75,PST,1.0048508483095655,140,0.5357142857142857,2
Fis_29411,5.932543644797988,39,PST,1.0101077076873002,39,1,3
Fis_29416,110.599098612769,1402,PST,1.188473735999742,1816,0.7720264317180616,3
Fis_29421,1.0428624600172045,7,PST,1.0017750266994687,7,1,3
Fis_29423,378.4167725634589,14216,PST,1.6448714346636462,15496,0.9173980382034074,3
Fis_29436,154.87836077372276,1338,PST,1.263931613930964,1761,0.7597955706984668,3
Fis_29459,6.825004965532571,73,PST,1.0116285830161065,104,0.7019230769230769,3
Fis_29481,9.032393135712482,107,PST,1.0153902723253545,117,0.9145299145299145,3
Fis_29485,7.588575881090947,219,PST,1.0129298115851053,233,0.9399141630901288,3
Fis_29500,150.76075407914504,1011,PST,1.2569146527585122,1394,0.7252510760401721,3
Fis_29505,123.92269837653656,860,PST,1.2111789599694716,1220,0.7049180327868853,3
Fis_29521,1.7437891664158087,60,PST,1.002969501026026,60,1,3
Fis_29531,302.26050034117543,15292,PST,1.515090801188831,16371,0.934090770264492,3
Fis_29532,14.264828393620974,803,PST,1.0243070528159393,873,0.9198167239404352,3
Fis_29536,62.756965553137434,1695,PST,1.1069442420515256,2114,0.8017975402081362,3
Fis_29539,29.915814451545884,300,PST,1.0509784591995708,442,0.6787330316742082,3
Fis_29540,10.28409431297041,356,PST,1.0175233411713658,394,0.9035532994923858,3
Fis_29547,1.4540542351314798,79,PST,1.00247575334347,80,0.9875,3
Fis_30530,57.13270429075112,1612,PST,1.0973597368208876,1948,0.8275154004106776,3
Fis_30583,441.880601773958,14389,PST,1.75302242101492,15748,0.9137033274066548,3
Fis_30780,96.23211036117208,533,PST,1.16399043630546,652,0.8174846625766872,3
Fis_30995,147.89815872858162,1326,PST,1.252036401405901,1571,0.8440483768300445,3
Fis_31187,7.681449359108228,64,PST,1.0130880806082383,64,1,3
Fis_31223,65.55865868979845,710,PST,1.1117187077582584,1087,0.6531738730450782,2
Fis_31247,10.066078200849006,113,PST,1.0171518120994565,114,0.9912280701754386,3
Fis_31408,14.816563789850989,395,PST,1.0252472848827638,596,0.662751677852349,2
Fis_31568,380.9945419130346,13722,PST,1.6492643038177908,15038,0.912488362814204,3
Fis_31570,119.81809241040446,1108,PST,1.2041841538044022,1447,0.7657221838286109,3
Fis_31571,29.16723933440153,253,PST,1.0497027855082046,404,0.6262376237623762,2
Fis_31573,81.61575211929448,597,PST,1.1390821762715522,681,0.8766519823788547,3
Fis_31576,19.19960311270552,215,PST,1.0327165793120496,247,0.8704453441295547,3
Fis_31577,208.97453476286364,7204,PST,1.3561188432163316,7318,0.9844219732167259,3
Fis_31578,126.68548770984717,2311,PST,1.2158871283103267,2782,0.8306973400431344,3
Fis_31582,0.04398715868592262,2,PST,1.0000728074916962,3,0.6666666666666666,2
Fis_31583,7.547147937701084,281,PST,1.012859212741703,303,0.9273927392739274,3
Fis_31585,123.45665154549454,844,PST,1.2103847528582696,1015,0.8315270935960591,3
Fis_31589,9.775977341792895,132,PST,1.0166574408262667,137,0.9635036496350365,3
Fis_31594,7.957159167119244,146,PST,1.0135579275754647,198,0.7373737373737373,3
Fis_31600,35.10083836071999,310,PST,1.0598144443112183,468,0.6623931623931624,2
Fis_31602,10.659742051531794,334,PST,1.0181634959485268,373,0.8954423592493298,3
Fis_32598,30.97033381244501,874,PST,1.0527755034439306,1093,0.7996340347666971,3
Fis_32599,81.69586982379269,864,PST,1.1392187077237743,1184,0.7297297297297297,3
Fis_32608,6.2209470578236505,40,PST,1.0105991862818606,40,1,3
Fis_32609,75.13429858982272,808,PST,1.1280368989707248,870,0.9287356321839081,3
Fis_32610,135.82648638571118,1357,PST,1.2314646318320783,1799,0.754307948860478,3
Fis_32611,137.98527760928573,1154,PST,1.235143505342557,1609,0.7172156619018024,3
Fis_32811,73.94642095448216,538,PST,1.1260125941103831,591,0.9103214890016921,3
Fis_32960,9.759383771015564,295,PST,1.016629163127474,334,0.8832335329341318,3
Fis_32975,131.1750834000486,1115,PST,1.2235380092649444,1452,0.7679063360881543,3
Fis_32976,0.04477890208363533,2,PST,1.000074156730002,3,0.6666666666666666,2
Fis_33107,38.59978149093877,408,PST,1.065777118726357,649,0.6286594761171033,2
Fis_33775,24.402169055987997,383,PST,1.0415824584328524,584,0.6558219178082192,2
Fis_33777,27.93259134154505,337,PST,1.047598777605039,525,0.6419047619047619,2
Fis_34717,1.5925242295634234,63,PST,1.002711725024728,67,0.9402985074626866,3
Fis_35264,143.94350320465128,1315,PST,1.2452971311646748,1756,0.7488610478359908,3
Fis_35265,128.25976990322306,1007,PST,1.218569919029496,1356,0.7426253687315634,3
Fis_35514,367.5463845160191,14339,PST,1.6263468167202144,15642,0.9166986318885053,3
Fis_47352,171.0783532615951,1140,PST,1.2915386018521524,1498,0.7610146862483311,3
Fis_47368,27.19825202945503,296,PST,1.0463473636593783,345,0.8579710144927536,3
Fis_47420,5.397909291554242,226,PST,1.0091966181208512,238,0.9495798319327731,3
Fis_47424,0.00126316351816058,1,PST,1,2,0.5,2
Fis_47425,2.6695138013456017,93,PST,1.0045470615609453,102,0.9117647058823529,3
Fis_47427,175.56220897560524,1342,PST,1.299179701107581,1787,0.7509792949076665,3
Fis_47488,97.70946942658156,634,PST,1.1665080568478492,758,0.8364116094986808,3
Fis_47495,21.58469238766702,319,PST,1.036781095444024,349,0.9140401146131805,3
Fis_47714,12.366601548350443,139,PST,1.0210722164030033,187,0.7433155080213903,3
Fis_47835,13.111732543620748,235,PST,1.022342020842822,265,0.8867924528301887,3
Fis_48194,75.9357018054518,1279,PST,1.1294025989184524,1638,0.7808302808302808,3
Fis_53171,4.129447584506124,116,PST,1.0070349870552082,129,0.8992248062015504,3
Fis_54405,1.0793822519481182,10,PST,1.0018372613860267,10,1,3
Fis_54647,1.3443636998854345,67,PST,1.002288825770271,69,0.9710144927536232,3
Fis_54691,8.908967865339946,292,PST,1.0151799388976757,320,0.9125,3
Fis_54720,8.054569382802583,259,PST,1.0137239278158836,302,0.8576158940397351,3
Fis_54787,4.372775803611148,155,PST,1.007449651395994,169,0.9171597633136095,3
Fis_54790,1.4216508734971285,69,PST,1.0024205336133427,70,0.9857142857142858,3
Fis_54800,9.110226291319124,300,PST,1.0155229105959158,325,0.9230769230769231,3
Fis_54855,10.17850996303605,335,PST,1.0173434110957509,364,0.9203296703296703,3
Fis_54860,2.1181636427063495,54,PST,1.003607485991309,67,0.8059701492537313,3
Fis_57444,58.53677742585569,651,PST,1.0997524681823567,1018,0.6394891944990176,2
Fis_58162,134.86268390029,1635,PST,1.2298221814671566,1976,0.8274291497975709,3
Fis_58165,12.05692003267177,318,PST,1.0205444770309535,399,0.7969924812030075,3
Fis_58273,11.769060397753378,369,PST,1.0200539251081588,545,0.6770642201834862,3
Fis_58285,1.4096513973345282,25,PST,1.0024000848758676,25,1,3
Fis_58398,20.812294554261143,407,PST,1.0354648246079017,617,0.6596434359805511,2
Fis_58409,9.08051637918834,127,PST,1.01547228086964,200,0.635,2
Fis_58485,450.7887793995848,19294,PST,1.7682031658390045,20646,0.934515160321612,3
Fis_6035,127.43795575544846,950,PST,1.2171694360806264,1320,0.7196969696969697,3
Fis_60598,0.8360013392521068,19,PST,1.0014225072482037,19,1,3
Fis_61240,92.2019023526318,722,PST,1.1571224143668732,1106,0.6528028933092225,2
Fis_61250,4.402010190999135,154,PST,1.0074994707635097,179,0.8603351955307262,3
Fis_61406,5.3185180625878274,193,PST,1.009061324681625,208,0.9278846153846154,3
Fis_61410,1.6758687676192494,73,PST,1.002853755439688,78,0.9358974358974359,3
Fis_61506,2.5220169376643753,40,PST,1.0042957068682126,40,1,3
Fis_61508,211.68598047943004,4286,PST,1.3607395150593735,5011,0.8553182997405707,3
Fis_61614,2.2089472741170084,2071,PST,1.0037621936319248,2229,0.9291161956034096,3
Fis_61628,77.74005484157829,2630,PST,1.132477461608123,3123,0.8421389689401216,3
Fis_61691,122.44596799350256,7566,PST,1.2086624107872548,7590,0.9968379446640316,3
Fis_64122,10.632296900381334,83,PST,1.0181167256826225,109,0.7614678899082569,3
Fis_6652,4.864826595588966,241,PST,1.0082881727891928,251,0.9601593625498008,3
Fis_8339,111.3954002803298,1143,PST,1.1898307422165306,1552,0.7364690721649485,3
ITS_Mam_180417,308.687357958285,16066,PST,1.5260430396382976,17343,0.9263679870841262,3
ITS_Mam_180419,99.00067744648732,1040,PST,1.168708450720622,1417,0.7339449541284404,3
ITS_Mam_180426,365.5050237428748,20305,PST,1.622868060649854,21809,0.9310376450089413,3
ITS_Mam_180429,232.2913674755921,11474,PST,1.3958538936827165,12702,0.9033223114470162,3
ITS_Mam_180430,252.61471380128603,15898,PST,1.4304876366891772,17105,0.9294358374744227,3
ITS_Mam_180434,338.50475052106293,19183,PST,1.5768559271713127,20441,0.9384570226505553,3
ITS_Mam_180438,49.028677437093336,4464,PST,1.0835493741537812,4714,0.9469664828171405,3
ITS_Mam_180440,102.55367528792158,15703,PST,1.1747632417068472,16814,0.9339241108599976,3
ITS_Mam_180445,18.187214993486577,8033,PST,1.0309913324269195,8992,0.8933496441281139,3
ITS_Mam_180447,4.270863723634648,3831,PST,1.0072759793672543,4765,0.80398740818468,3
ITS_Mam_180449,0.077845640910709335,55,PST,1.0001305069449835,59,0.9322033898305084,3
ITS_Mam_180451,0.461098387662787,19,PST,1.00078362168922,19,1,3
ITS_Mam_180455,43.91093520950426,8764,PST,1.0748280461675752,9722,0.9014606048138243,3
ITS_Mam_180457,258.0274465903401,20267,PST,1.439711668665729,21707,0.9336619523655963,3
ITS_Mam_180459,250.21880901801777,10825,PST,1.4264046894617928,12060,0.8975953565505804,3
ITS_Mam_180461,272.75348306823753,12680,PST,1.4648068353132842,13920,0.9109195402298851,3
ITS_Mam_180463,258.71542644581933,19050,PST,1.4408840797995277,20286,0.9390712806861875,3
ITS_Mam_180466,281.23087867260233,17789,PST,1.479253469052654,19056,0.9335117548278757,3
ITS_Mam_180469,216.8686047914357,21101,PST,1.369571410931468,23366,0.9030642814345631,3
ITS_Mam_180471,37.80773140961537,236,PST,1.0644273577900825,317,0.7444794952681388,3
ITS_Mam_180475,4.219808505697074,4835,PST,1.0071889743401858,5776,0.837084487534626,3
ITS_Mam_180478,69.45230715105572,410,PST,1.1183540136770578,591,0.6937394247038917,3
ITS_Mam_180488,288.51892980194975,21012,PST,1.491673298237607,23169,0.9069014631619837,3
ITS_Mam_180491,136.7403782093876,19058,PST,1.2330220276491686,20329,0.937478479020119,3
ITS_Mam_180492,285.2110981069586,16161,PST,1.4860363036700288,17411,0.9282063063580495,3
ITS_Mam_180495,40.38739675411944,11576,PST,1.0688234579771505,12594,0.9191678577100206,3
ITS_Mam_180498,319.58132929145904,20632,PST,1.5446078467043414,22113,0.9330258219147108,3
ITS_Mam_180500,5.659512664540671,2473,PST,1.0096424258064771,2494,0.9915797914995991,3
ITS_Mam_180502,376.07109778322854,15949,PST,1.6408740861850384,17227,0.9258141289835723,3
ITS_Mam_180505,49.831267221471535,11605,PST,1.0849170961758492,12626,0.9191351180104547,3
ITS_Mam_180507,27.819588991426823,7876,PST,1.047406206249397,8137,0.9679242964237434,3
ITS_Mam_180508,81.77877401461853,9727,PST,1.139359987727235,9826,0.989924689599023,3
ITS_Mam_180510,388.753297347646,16026,PST,1.6624862770827242,17379,0.9221474192991541,3
ITS_Mam_180511,61.60083891060958,11583,PST,1.104974045196217,12607,0.9187752835726184,3
ITS_Mam_180513,68.32344921310687,11632,PST,1.116430286398726,12660,0.9187993680884676,3
ITS_Mam_180516,60.12912368218804,11593,PST,1.102466042518754,12616,0.9189124920735574,3
ITS_Mam_180517,263.39036229844015,19081,PST,1.4488508055688298,20328,0.9386560409287682,3
ITS_Mam_180524,88.05700843095224,20977,PST,1.1500589520525497,23183,0.9048440667730665,3
ITS_Mam_180525,305.7594148402063,19447,PST,1.5210534268125362,20759,0.9367984970374296,3
ITS_Mam_180526,58.17620642803584,16657,PST,1.0991380062195506,18311,0.9096717819889684,3
ITS_Mam_180527,115.58828340524131,21069,PST,1.196975984652355,23281,0.9049868991881792,3
ITS_Mam_180528,248.39182071779987,20793,PST,1.4232912532071755,22909,0.9076345541053734,3
ITS_Mam_180530,288.7054412923253,21046,PST,1.4919911391542504,23311,0.9028355711895671,3
ITS_Mam_180535,52.626701800733144,9506,PST,1.0896808964505666,10477,0.9073207979383411,3
ITS_Mam_552461,36.18135735817759,11497,PST,1.0616557954682486,12522,0.9181440664430602,3
ITS_Mam_552771,78.50419908305366,11646,PST,1.1337796672023694,12688,0.917875157629256,3
ITS_Mam_555654,92.67176618598864,2256,PST,1.1579231261685483,2800,0.8057142857142857,3
ITS_Mam_612592,16.423782196159664,11530,PST,1.027986203383059,12553,0.9185055365251334,3
ITS_Mam_612596,130.54452395106523,2121,PST,1.22246345030421,2651,0.8000754432289702,3
ITS_Mam_612597,409.1593661210937,19161,PST,1.6972609903777611,20478,0.9356870788162907,3
ITS_Mam_771132,6.340674983744975,182,PST,1.010803218932321,208,0.875,3
Rep_2666,362.91217362149257,17532,PST,1.618449491811872,18890,0.9281101111699311,3
Rep_2941,185.08223316046497,1765,PST,1.3154031155861738,2283,0.7731055628558914,3
Rep_4381,354.8404113236987,21112,PST,1.604694112331004,23020,0.917115551694179,3
Rep_5181,198.66694897606067,1843,PST,1.3385533167800747,2386,0.7724224643755239,3
Rep_6936,117.73170014975769,1165,PST,1.2006286579619407,1502,0.7756324900133156,3
Rep_8732,28.106715004250873,546,PST,1.0478955079804828,612,0.8921568627450981,3
Fis_125906,12.716118930839002,73,LLT,1.0216678415036835,73,1,3
Fis_131127,96.61640362128492,383,LLT,1.164645324225814,556,0.6888489208633094,3
Fis_131407,29.519026514608413,195,LLT,1.0503022786525424,212,0.9198113207547169,3
Fis_131465,49.89895886590057,326,LLT,1.0850324519336692,370,0.8810810810810811,3
Fis_131805,2.2149933790788054,37,LLT,1.0037724970161257,37,1,3
Fis_131815,69.67160910899565,260,LLT,1.1187277340049204,355,0.7323943661971831,3
Fis_131821,8.896932648451184,119,LLT,1.015159429253148,119,1,3
Fis_131829,5.830321087734774,41,LLT,1.0099335065634274,41,1,3
Fis_131831,1.1634105846169405,39,LLT,1.001980457079899,39,1,3
Fis_131843,75.34652780950728,515,LLT,1.1283985663917897,723,0.7123098201936376,3
Fis_131844,47.93244889114021,359,LLT,1.081681251792018,486,0.7386831275720165,3
Fis_131852,41.96176856495936,1470,LLT,1.0715064014166522,1519,0.967741935483871,3
Fis_132130,10.033669262207695,82,LLT,1.017096582865351,108,0.7592592592592593,3
Fis_132518,0.00410941906739026,4,LLT,1.0000048504061114,4,1,3
Fis_132520,16.1161726602586,199,LLT,1.0274619949460229,203,0.9802955665024631,3
Fis_132528,46.48067365008683,274,LLT,1.0792072295618198,407,0.6732186732186732,3
Fis_132543,1.3852080666692927,25,LLT,1.0023584301198587,25,1,3
Fis_132550,22.207114711377017,405,LLT,1.0378417876378878,478,0.8472803347280334,3
Fis_132559,4.232218592660502,64,LLT,1.0072101228142458,64,1,3
Fis_139820,26.680610187817365,257,LLT,1.0454652316410893,296,0.8682432432432432,3
Fis_140161,104.46020142756242,412,LLT,1.1780122212448252,639,0.6447574334898278,2
Fis_140634,31.859000351427312,1836,LLT,1.0542899119491205,1868,0.9828693790149893,3
Fis_140639,72.523086263450793,7813,LLT,1.1235870384409885,7848,0.9955402650356778,3
Fis_140641,17.32806159259053,1072,LLT,1.0295272183183026,1084,0.988929889298893,3
Fis_140692,45.76651497287821,2942,LLT,1.0779902061594775,2978,0.9879113498992612,3
Fis_142376,1.1413788832724094,21,LLT,1.0019429120678651,21,1,3
Fis_144985,24.702833323273808,156,LLT,1.0420948311886733,160,0.975,3
Fis_146573,69.57058944921641,7864,LLT,1.1185555827814295,7929,0.9918022449236978,3
Fis_146574,26.034183440870493,2566,LLT,1.0443636326490986,2585,0.9926499032882011,3
Fis_148497,68.06367913150098,293,LLT,1.1159876028906597,445,0.6584269662921348,2
Fis_149485,49.14507863251493,401,LLT,1.0837477376035434,415,0.9662650602409638,3
Fis_154008,71.71408318039175,330,LLT,1.1222083872867403,348,0.9482758620689655,3
Fis_154010,53.14766410519178,174,LLT,1.0905686869885778,255,0.6823529411764706,3
Fis_154012,23.25745994997851,155,LLT,1.03963171861081,224,0.6919642857142857,3
Fis_154456,235.3378589251315,803,LLT,1.401045528969733,1074,0.7476722532588455,3
Fis_156398,116.58899147051852,549,LLT,1.1986813271388672,610,0.9,3
Fis_15849,23.13052994240388,259,LLT,1.0394154126348305,381,0.6797900262467191,3
Fis_159132,15.48262557189446,203,LLT,1.0263823446419214,233,0.871244635193133,3
Fis_159136,32.92289153957972,355,LLT,1.056102927060255,372,0.9543010752688172,3
Fis_159582,274.63461055470725,1010,LLT,1.4680125320959254,1370,0.7372262773722628,3
Fis_159583,229.21209900640133,888,LLT,1.3906064019015516,1177,0.7544604927782498,3
Fis_159584,131.40991054588085,499,LLT,1.2239381866220274,576,0.8663194444444444,3
Fis_159586,30.228957985731313,2857,LLT,1.051512098321461,2861,0.9986018874519399,3
Fis_160267,102.41493471295688,515,LLT,1.174526808919604,546,0.9432234432234432,3
Fis_160378,144.18701565809897,889,LLT,1.245712109465808,913,0.9737130339539978,3
Fis_160439,220.2012734859935,4201,LLT,1.375250731120342,4266,0.9847632442569152,3
Fis_160444,233.7212122623453,7789,LLT,1.398290543439599,7880,0.98845177664974615,3
Fis_160464,27.95578384987311,340,LLT,1.0476383007898649,353,0.9631728045325779,3
Fis_160691,49.058787522721104,223,LLT,1.0836006858300584,239,0.9330543933054394,3
Fis_160851,34.55596482817782,289,LLT,1.058885905792282,316,0.9145569620253164,3
Fis_160854,36.71646848227829,284,LLT,1.062567697517006,307,0.9250814332247557,3
Fis_160862,2.8124943394213915,24,LLT,1.0047907198213166,24,1,3
Fis_160879,31.29310878177057,290,LLT,1.053325555839702,298,0.9731543624161074,3
Fis_160881,0.5972081059589982,9,LLT,1.001015571139306,9,1,3
Fis_160886,9.13029616617132,125,LLT,1.0155571123890983,138,0.9057971014492754,3
Fis_160887,3.485073216317687,72,LLT,1.0059368855954318,82,0.8780487804878049,3
Fis_160925,0.02547214811966114,10,LLT,1.000041255398481,10,1,3
Fis_160938,5.540822806148981,360,LLT,1.0094401621641058,369,0.975609756097561,3
Fis_161155,85.73140031953517,556,LLT,1.146095799903598,563,0.9875666074600356,3
Fis_161159,42.03296109114308,242,LLT,1.0716277231525668,248,0.9758064516129032,3
Fis_161202,99.93315131292913,449,LLT,1.1702975128629012,459,0.9782135076252724,3
Fis_161209,75.7887082939269,641,LLT,1.129152102006173,704,0.9105113636363636,3
Fis_161213,31.98031873884611,382,LLT,1.0544966549620325,403,0.9478908188585607,3
Fis_161218,37.10977014480159,375,LLT,1.0632379369788325,387,0.9689922480620154,3
Fis_161221,90.09768409925164,477,LLT,1.1535365406111848,484,0.9855371900826446,3
Fis_161225,6.821074917213991,129,LLT,1.0116218856798858,131,0.9847328244274809,3
Fis_161228,82.56532952724956,481,LLT,1.1407003851720363,492,0.9776422764227642,3
Fis_161233,33.03931759268744,246,LLT,1.0563013328708917,249,0.9879518072289156,3
Fis_161235,16.759086076868698,192,LLT,1.028557606745844,199,0.964824120603015,3
Fis_161400,139.80778293288608,6712,LLT,1.2382493019960186,6770,0.9914327917282127,3
Fis_161402,25.028776183258746,304,LLT,1.042650282100477,312,0.9743589743589743,3
Fis_161412,92.27754331810866,460,LLT,1.157251316847651,472,0.9745762711864406,3
Fis_161438,12.585968884835893,160,LLT,1.021446048144789,163,0.9815950920245399,3
Fis_161440,60.97354548833357,4460,LLT,1.103905051988672,4473,0.9970936731500112,3
Fis_161448,79.0370496989949,2300,LLT,1.1346877170381393,2323,0.9900990099009901,3
Fis_161453,47.21603921575297,663,LLT,1.080460392382988,707,0.9377652050919377,3
Fis_161456,111.22436459740857,514,LLT,1.1895392741781328,586,0.8771331058020477,3
Fis_161457,83.87401641573524,442,LLT,1.1429305654113229,474,0.9324894514767933,3
Fis_161466,26.668416735483333,339,LLT,1.0454444523418671,383,0.8851174934725848,3
Fis_161470,14.713961951842066,228,LLT,1.0250724374126354,242,0.9421487603305785,3
Fis_161473,35.059856469364604,260,LLT,1.059744605601078,272,0.9558823529411765,3
Fis_161480,264.35472279845635,1058,LLT,1.4504942068664262,1372,0.7711370262390671,3
Fis_161488,107.08201427251332,549,LLT,1.1824801464982695,621,0.8840579710144928,3
Fis_161491,100.97920426662311,500,LLT,1.1720801291992464,567,0.8818342151675485,3
Fis_161493,46.27024587523192,181,LLT,1.078848632047466,192,0.9427083333333334,3
Fis_161494,303.54480116167997,1318,LLT,1.5172794242555014,1688,0.7808056872037915,3
Fis_161495,58.78221633657813,283,LLT,1.10017072942839,314,0.9012738853503185,3
Fis_161638,17.00549402597244,245,LLT,1.0289775193649198,249,0.9839357429718876,3
Fis_163295,319.35952885492406,1189,LLT,1.5442298686295417,1516,0.7843007915567283,3
Fis_164471,17.97069484356325,140,LLT,1.0306223526778178,153,0.9150326797385621,3
Fis_164699,4.684542876435444,52,LLT,1.0079809448407364,52,1,3
Fis_165849,58.98673163479907,484,LLT,1.100519251279367,680,0.711764705882353,3
Fis_166044,123.80800195881692,3995,LLT,1.2109835016925026,4320,0.9247685185185185,3
Fis_166734,297.07928558503556,1180,LLT,1.5062613073914164,1418,0.8321579689703809,3
Fis_166946,16.303146522725,137,LLT,1.0277806238075209,166,0.8253012048192772,3
Fis_169677,101.40214363516316,456,LLT,1.1728008753383217,678,0.672566371681416,3
Fis_170052,13.1195989707453,364,LLT,1.0223554263032737,451,0.8070953436807096,3
Fis_170784,8.78647547395667,102,LLT,1.0149711952225235,103,0.9902912621359223,3
Fis_20033,656.9842530447381,17959,LLT,2.119588263985621,19180,0.9363399374348279,3
Fis_21798,327.6896815496475,1655,LLT,1.5584255804483618,2071,0.7991308546595848,3
Fis_21801,354.4061683121008,1311,LLT,1.6039541032485911,1720,0.7622093023255814,3
Fis_22747,69.46771661438277,3375,LLT,1.118380273495898,3549,0.9509721048182587,3
Fis_22768,121.10386180532625,9574,LLT,1.206375279521381,9999,0.9574957495749575,3
Fis_22814,3.594230592250824,60,LLT,1.0061229045927338,60,1,3
Fis_23008,1.817801344790496,30,LLT,1.0030956278323158,30,1,3
Fis_23028,16.565974364057183,182,LLT,1.0282285181535489,201,0.9054726368159204,3
Fis_23029,24.12148405559128,240,LLT,1.0411041330619355,255,0.9411764705882353,3
Fis_23044,370.7222681923661,1714,LLT,1.6317589539392685,2148,0.797951582867784,3
Fis_23045,429.630031358035,1818,LLT,1.732145784821833,2246,0.8094390026714159,3
Fis_23046,233.9531482896382,844,LLT,1.398685793937941,1151,0.733275412684622,3
Fis_23047,379.185774576404,1962,LLT,1.6461819185603912,2441,0.8037689471528062,3
Fis_23048,301.0348691366653,1262,LLT,1.5130021591179124,1645,0.7671732522796353,3
Fis_23050,132.95633290611113,930,LLT,1.226573500400839,1097,0.8477666362807658,3
Fis_23051,354.1378959902577,1447,LLT,1.6034969307681557,1856,0.7796336206896551,3
Fis_23052,65.06296403659508,283,LLT,1.1108739767305231,329,0.8601823708206687,3
Fis_23053,83.55880784027977,292,LLT,1.1423934071785786,438,0.6666666666666666,2
Fis_23054,555.6992052675132,13581,LLT,1.946984783294126,14823,0.9162112932604736,3
Fis_23055,29.875393096357584,140,LLT,1.0509095757192064,168,0.8333333333333334,3
Fis_23056,141.60042181712925,655,LLT,1.2413042021795466,871,0.7520091848450058,3
Fis_23057,181.6172985862413,572,LLT,1.3094983963704143,814,0.7027027027027027,3
Fis_23059,263.7594659714132,1517,LLT,1.4494798083692362,1908,0.7950733752620545,3
Fis_23060,352.9248623896592,1716,LLT,1.60142975672565,2158,0.7951807228915663,3
Fis_23061,690.6639317659992,18062,LLT,2.1769830118130304,19339,0.9339676301773618,3
Fis_23062,335.33877045911777,1331,LLT,1.5714606670565765,1711,0.7779076563413209,3
Fis_23063,329.0534478820264,1283,LLT,1.5607496235424243,1628,0.788083538083538,3
Fis_23064,375.1310940573576,2007,LLT,1.639272192139383,2448,0.8198529411764706,3
Fis_23066,393.7249566400824,1997,LLT,1.6709586599024884,2467,0.8094852047020673,3
Fis_23068,272.9236950921222,1031,LLT,1.465096899724792,1383,0.7454808387563269,3
Fis_23070,322.5522200021105,1387,LLT,1.5496706480621525,1791,0.774427694025684,3
Fis_23071,716.5571656928985,20991,LLT,2.221108599944973,22346,0.9393627494853665,3
Fis_23074,361.8205791793642,2011,LLT,1.6165892665925556,2301,0.873967840069535,3
Fis_23075,375.86285641770894,2010,LLT,1.6405192146092094,2324,0.8648881239242685,3
Fis_23076,172.10275605788638,1975,LLT,1.2932843233791729,2393,0.8253238612620142,3
Fis_23077,418.04984982721976,2523,LLT,1.712411582359349,2945,0.8567062818336163,3
Fis_23078,2.235723168472759,59,LLT,1.0038078233933343,59,1,3
Fis_23080,5.257988532801392,86,LLT,1.0089581741401084,87,0.9885057471264368,3
Fis_23082,36.70131428679451,291,LLT,1.0625418727092482,320,0.909375,3
Fis_23084,14.835467219440034,75,LLT,1.0252794988947591,80,0.9375,3
Fis_23101,246.3988948065114,2173,LLT,1.4198950367211525,2391,0.9088247595148473,3
Fis_23103,34.29689205659088,624,LLT,1.0584444105952155,643,0.9704510108864697,3
Fis_23104,100.28156556084195,601,LLT,1.170891258072407,849,0.7078916372202592,3
Fis_23105,107.08391269933418,1137,LLT,1.1824833816754683,1162,0.9784853700516352,3
Fis_23113,165.92736961996343,1293,LLT,1.2827606259806683,1496,0.8643048128342246,3
Fis_23121,18.68478926293392,231,LLT,1.031839266576075,237,0.9746835443037974,3
Fis_23123,172.22390493344756,929,LLT,1.2934907775208513,1245,0.7461847389558233,3
Fis_23124,5.424922498175874,91,LLT,1.0092426522946,92,0.9891304347826086,3
Fis_23126,41.827244479209185,182,LLT,1.071277154099828,211,0.8625592417061612,3
Fis_23127,572.2989960352093,19753,LLT,1.9752730817955673,20921,0.9441709287318962,3
Fis_23128,223.78094705014155,899,LLT,1.3813509811618907,1170,0.7683760683760684,3
Fis_23129,375.68331722182415,2034,LLT,1.640213255429544,2503,0.8126248501797843,3
Fis_23138,17.967353842793273,157,LLT,1.0306166591586403,250,0.628,2
Fis_23144,6.221281066536903,39,LLT,1.010599755478082,39,1,3
Fis_23146,7.267993008368649,57,LLT,1.012383494819736,57,1,3
Fis_23149,460.67144309278774,2539,LLT,1.7850445673033366,3050,0.8324590163934427,3
Fis_23153,43.182986890897155,357,LLT,1.0735875233430072,398,0.8969849246231156,3
Fis_23155,64.39766817132477,242,LLT,1.1097402221975947,323,0.7492260061919505,3
Fis_23156,39.82931330730207,288,LLT,1.0678724079697606,304,0.9473684210526315,3
Fis_23157,595.0743088242511,4892,LLT,2.014085308748084,5681,0.8611160007041014,3
Fis_23158,59.495271281651185,318,LLT,1.1013858719212344,330,0.9636363636363636,3
Fis_23159,9.247423209772933,188,LLT,1.0157567127827636,192,0.9791666666666666,3
Fis_23161,631.1992244491971,18450,LLT,2.0756470724376928,19636,0.9396007333469139,3
Fis_23193,296.6498397926971,1247,LLT,1.50552947342231,1578,0.7902408111533586,3
Fis_23198,195.6161563761707,1192,LLT,1.3333543517485622,1403,0.849607982893799,3
Fis_23201,31.261654746253043,287,LLT,1.0532719538902409,321,0.8940809968847352,3
Fis_23202,42.398384876782075,416,LLT,1.072250454925054,472,0.8813559322033898,3
Fis_23204,15.76487874664599,275,LLT,1.026863342394971,294,0.935374149659864,3
Fis_23220,7.232565712882206,54,LLT,1.012323121895532,54,1,3
Fis_23221,8.410699314830708,73,LLT,1.0143308215992748,73,1,3
Fis_23222,491.1879151070984,20517,LLT,1.8370487811896732,21850,0.9389931350114417,3
Fis_23223,33.34799966355786,278,LLT,1.056827369053216,298,0.9328859060402684,3
Fis_23239,378.2576060296624,1519,LLT,1.6446001932677463,1923,0.7899115964638586,3
Fis_23243,113.66664415105242,2464,LLT,1.193701250314115,2500,0.9856,3
Fis_23252,6.40757729311008,61,LLT,1.0109172295559632,61,1,3
Fis_23253,148.96085137566843,434,LLT,1.2538473740402416,478,0.9079497907949791,3
Fis_23260,0.13934251747559756,24,LLT,1.000235305976822,24,1,3
Fis_23273,678.6571515928117,13653,LLT,2.15652182731176,14898,0.9164317358034636,3
Fis_23274,731.5055422706973,13574,LLT,2.2465826643270157,14825,0.9156155143338954,3
Fis_23277,712.6025723219142,19253,LLT,2.21436943562081,20499,0.9392165471486414,3
Fis_23278,66.85972315966501,274,LLT,1.1139358983607346,345,0.7942028985507247,3
Fis_23280,52.05559690303926,536,LLT,1.0887076561219573,590,0.9084745762711864,3
Fis_23292,11.863269282737749,129,LLT,1.020214469846175,156,0.8269230769230769,3
Fis_23311,262.3831239579813,1137,LLT,1.4471343346062897,1406,0.8086770981507824,3
Fis_23322,280.60218809355865,1264,LLT,1.4781820949001772,1591,0.7944688874921433,3
Fis_23898,653.2527005315769,15501,LLT,2.113229191582641,16730,0.9265391512253437,3
Fis_23899,847.9818136580238,20806,LLT,2.4450740537336606,22145,0.9395348837209302,3
Fis_23993,7.410844624042511,44,LLT,1.0126269333788205,44,1,3
Fis_24044,7.65394325973466,53,LLT,1.0130412064782826,53,1,3
Fis_24046,5.766357672866434,47,LLT,1.009824504215248,47,1,3
Fis_24098,789.2835635208457,15473,LLT,2.3450442615133804,16727,0.9250313863812997,3
Fis_24127,649.413375696231,14212,LLT,2.1066864605021007,15446,0.920108766023566,3
Fis_24153,78.51304866622422,1110,LLT,1.133794748094282,1293,0.8584686774941995,3
Fis_24377,1.732428539544344,6,LLT,1.002950140974529,7,0.8571428571428571,3
Fis_24448,236.40947606686677,996,LLT,1.4028717101553212,1326,0.751131221719457,3
Fis_25062,94.3033300331299,538,LLT,1.1607035326072794,666,0.8078078078078078,3
Fis_25233,91.37862355335528,693,LLT,1.155719435452876,738,0.9390243902439024,3
Fis_25412,5.5309240362548735,92,LLT,1.0094232933154872,93,0.989247311827957,3
Fis_25414,2.9206408600730356,53,LLT,1.004975016183897,53,1,3
Fis_25470,139.45177382255133,570,LLT,1.2376426141092065,725,0.7862068965517242,3
Fis_25603,279.80311210369837,1073,LLT,1.4768203608613066,1423,0.7540407589599438,3
Fis_25664,197.00503392782048,735,LLT,1.3357211877715487,1011,0.7270029673590505,3
Fis_25886,17.16964023374021,244,LLT,1.029257246801741,277,0.8808664259927798,3
Fis_25888,363.66529802190325,1339,LLT,1.6197329180999307,1731,0.7735413056036973,3
Fis_25889,220.7012705669076,706,LLT,1.3761027940693686,999,0.7067067067067067,3
Fis_25892,133.9854189383077,426,LLT,1.2283272027980456,612,0.696078431372549,3
Fis_25894,23.576127105625343,241,LLT,1.0401747707340383,288,0.8368055555555556,3
Fis_25895,27.779665977694098,279,LLT,1.0473381720105712,297,0.9393939393939394,3
Fis_25897,59.219676369257286,296,LLT,1.100916220751748,313,0.9456869009584664,3
Fis_25899,544.0301569709536,16206,LLT,1.9270991397905224,17319,0.9357353195912004,3
Fis_25900,37.187158424640074,305,LLT,1.0633698171206498,336,0.9077380952380952,3
Fis_25902,220.77525574303945,1291,LLT,1.376228874860168,1589,0.8124606670862178,3
Fis_25903,109.87661096548936,460,LLT,1.187242518900932,652,0.7055214723926381,3
Fis_25905,6.610032119646348,47,LLT,1.0112622400832805,47,1,3
Fis_26085,255.71398785648853,1524,LLT,1.4357692207066068,1908,0.7987421383647799,3
Fis_26148,301.3978808802203,1350,LLT,1.5136207804430195,1701,0.7936507936507936,3
Fis_26519,314.66985957440556,1511,LLT,1.5362380350976088,1826,0.8274917853231106,3
Fis_26902,270.51823300177966,1303,LLT,1.4609976655478207,1678,0.7765196662693683,3
Fis_26903,372.8797115022998,1554,LLT,1.6354355304217931,1966,0.7904374364191251,3
Fis_26906,222.26850517741696,895,LLT,1.3787735747499392,1191,0.7514693534844669,3
Fis_26932,308.4972447778491,1133,LLT,1.5257190609525124,1512,0.7493386243386243,3
Fis_27224,165.49925938995875,503,LLT,1.2820310679912112,580,0.8672413793103448,3
Fis_27236,41.32996222819202,159,LLT,1.0704297175897477,200,0.795,3
Fis_27240,299.28947905862515,1106,LLT,1.5100277773187671,1452,0.7617079889807162,3
Fis_27676,131.2354382316635,849,LLT,1.2236408620970445,1076,0.7890334572490706,3
Fis_27677,1.9176490662503056,32,LLT,1.0032657819137056,32,1,3
Fis_27678,0.04536350921262055,14,LLT,1.000075152979967,14,1,3
Fis_28552,328.24907583708455,1287,LLT,1.5593788643062412,1652,0.7790556900726392,3
Fis_28553,147.2305537626271,488,LLT,1.250898711851722,566,0.8621908127208481,3
Fis_28555,179.06334536731265,660,LLT,1.3051461131382445,826,0.7990314769975787,3
Fis_28559,193.71428047735023,761,LLT,1.330113296852664,979,0.7773237997957099,3
Fis_28560,201.46989049475633,673,LLT,1.3433299098993838,899,0.7486095661846496,3
Fis_28561,246.8080156944534,873,LLT,1.420592234292088,1172,0.7448805460750854,3
Fis_28562,337.8816299442333,1198,LLT,1.5757940450592771,1550,0.7729032258064517,3
Fis_28563,284.8533600529381,1314,LLT,1.4854266694283038,1673,0.785415421398685,3
Fis_28785,296.18659605321955,1006,LLT,1.5047400431599258,1373,0.7327021121631464,3
Fis_28787,340.71566452018305,1233,LLT,1.5806236249720484,1610,0.7658385093167702,3
Fis_28947,358.15828005636376,1483,LLT,1.6103482113742809,1842,0.8051031487513572,3
Fis_29298,6.37070344761014,46,LLT,1.010854391514027,67,0.6865671641791045,3
Fis_29319,15.963735824916512,171,LLT,1.0272022218704993,174,0.9827586206896551,3
Fis_29320,117.86099273164496,702,LLT,1.2008489900854975,940,0.7468085106382979,3
Fis_29321,212.44701116847045,1248,LLT,1.362036414737304,1502,0.8308921438082557,3
Fis_29328,162.690366372835,8021,LLT,1.2772443327100869,8614,0.9311585790573486,3
Fis_29332,112.92957568903512,442,LLT,1.1924451855262308,461,0.9587852494577006,3
Fis_29338,2.023180395364762,45,LLT,1.0034456216346408,45,1,3
Fis_29367,16.58957323989307,302,LLT,1.0282687338438117,324,0.9320987654320988,3
Fis_29380,97.01392171911812,774,LLT,1.1653227490661988,1037,0.7463837994214079,3
Fis_29385,40.55615948499872,188,LLT,1.0691110525964946,201,0.9353233830845771,3
Fis_29388,307.9952361557116,1821,LLT,1.524863570063979,2233,0.8154948499776086,3
Fis_29406,256.9106472291835,898,LLT,1.4378084908403737,1147,0.7829119442022667,3
Fis_29409,15.544318170199404,130,LLT,1.026487477210193,140,0.9285714285714286,3
Fis_29411,6.512950989301316,39,LLT,1.011096800648983,39,1,3
Fis_29416,281.71509126035016,1465,LLT,1.4800786330810478,1816,0.8067180616740088,3
Fis_29421,1.1066122949123385,7,LLT,1.0018836650783598,7,1,3
Fis_29423,633.6301578191506,14306,LLT,2.0797897131353205,15496,0.9232059886422302,3
Fis_29436,339.2358637210027,1395,LLT,1.5781018433836114,1761,0.7921635434412265,3
Fis_29459,18.838578237220645,73,LLT,1.0321013438800444,104,0.7019230769230769,3
Fis_29481,11.227300556565751,113,LLT,1.0191306927422763,117,0.9658119658119658,3
Fis_29485,30.73821003199555,219,LLT,1.0523799329887042,233,0.9399141630901288,3
Fis_29500,296.40601237650117,1029,LLT,1.505113958381867,1394,0.7381635581061693,3
Fis_29505,261.0194627974997,922,LLT,1.4448104707394271,1220,0.7557377049180328,3
Fis_29521,1.9766689915850293,60,LLT,1.0033663598841611,60,1,3
Fis_29531,529.1104485101314,15394,LLT,1.901673929774288,16371,0.9403212998595076,3
Fis_29532,44.53909889584838,817,LLT,1.075898522423315,873,0.9358533791523482,3
Fis_29536,175.68821365553833,1761,LLT,1.299394430199556,2114,0.8330179754020813,3
Fis_29539,104.8492052100919,413,LLT,1.1786751365352877,442,0.9343891402714932,3
Fis_29540,40.81081213988364,356,LLT,1.069545015314241,394,0.9035532994923858,3
Fis_29547,5.095766638405621,79,LLT,1.0086817259946854,80,0.9875,3
Fis_30530,199.5371817483233,1805,LLT,1.3400363116426008,1948,0.9265913757700205,3
Fis_30583,758.3028243717145,14493,LLT,2.2922488733599695,15748,0.9203073406146812,3
Fis_30780,116.3658497055876,456,LLT,1.1983010632582654,652,0.6993865030674846,3
Fis_30995,342.3656965981245,1361,LLT,1.5834355037849186,1571,0.8663271801400382,3
Fis_31187,8.457564257725608,64,LLT,1.014410685828434,64,1,3
Fis_31223,155.17052758761565,801,LLT,1.264429505871849,1087,0.7368905243790248,3
Fis_31247,9.418199548497796,113,LLT,1.0160477388634197,114,0.9912280701754386,3
Fis_31408,32.489145888922394,458,LLT,1.0553637655484502,596,0.7684563758389261,3
Fis_31568,646.2210262264825,13827,LLT,2.101246263334261,15038,0.9194706742917941,3
Fis_31570,268.8352777592813,1136,LLT,1.4581296811900295,1447,0.7850725639253628,3
Fis_31571,48.51172734908323,214,LLT,1.0826684209776465,404,0.5297029702970297,2
Fis_31573,171.94332403520093,594,LLT,1.2930126295541402,681,0.8722466960352423,3
Fis_31576,48.82455568667501,215,LLT,1.0832015229617225,247,0.8704453441295547,3
Fis_31577,364.1255056578911,7174,LLT,1.6205171744295228,7318,0.9803224924842854,3
Fis_31578,316.79809255753844,2364,LLT,1.5398648332151268,2782,0.8497483824586628,3
Fis_31582,0.16751962900161743,2,LLT,1.000283323602641,3,0.6666666666666666,2
Fis_31583,28.07326635532081,281,LLT,1.0478385069388043,303,0.9273927392739274,3
Fis_31585,204.24196751837897,762,LLT,1.3480539057262364,1015,0.7507389162561576,3
Fis_31589,28.020408816519193,132,LLT,1.0477484305121434,137,0.9635036496350365,3
Fis_31594,12.108234161903964,193,LLT,1.0206319232780403,198,0.9747474747474747,3
Fis_31600,43.85642920704322,238,LLT,1.0747351605348998,468,0.5085470085470085,2
Fis_31602,42.143250983092,334,LLT,1.0718156721110088,373,0.8954423592493298,3
Fis_32598,122.69300701739483,989,LLT,1.2090833988435,1093,0.9048490393412626,3
Fis_32599,200.75069272359315,909,LLT,1.3421042991963965,1184,0.7677364864864865,3
Fis_32608,6.924097442999482,40,LLT,1.011797450059135,40,1,3
Fis_32609,169.51518692866557,808,LLT,1.2888747540692411,870,0.9287356321839081,3
Fis_32610,318.3329134802407,1404,LLT,1.542480376568369,1799,0.7804335742078933,3
Fis_32611,294.75642896704085,1217,LLT,1.502302844161039,1609,0.7563704164077066,3
Fis_32811,125.69359858791358,534,LLT,1.2141968145013002,591,0.9035532994923858,3
Fis_32960,37.82437342801131,295,LLT,1.064455718050199,334,0.8832335329341318,3
Fis_32975,280.06655023200074,1133,LLT,1.4772692952192372,1452,0.7803030303030303,3
Fis_32976,0.1713675931096077,2,LLT,1.0002898810562155,3,0.6666666666666666,2
Fis_33107,76.81420103968412,432,LLT,1.1308996809551497,649,0.6656394453004623,2
Fis_33775,66.96538072321073,422,LLT,1.114115953202289,584,0.7226027397260274,3
Fis_33777,76.06366679657549,372,LLT,1.129620668646999,525,0.7085714285714285,3
Fis_34717,7.685024824808352,63,LLT,1.0130941736875083,67,0.9402985074626866,3
Fis_35264,319.4964025449799,1352,LLT,1.5444631199912895,1756,0.7699316628701595,3
Fis_35265,266.6716711676172,1063,LLT,1.4544426016381722,1356,0.7839233038348082,3
Fis_35514,628.0176344609067,14445,LLT,2.0702252108879016,15642,0.9234752589182968,3
Fis_47352,331.7893645617942,1175,LLT,1.5654119972310712,1498,0.7843791722296395,3
Fis_47368,69.01951280026697,296,LLT,1.1176164733094602,345,0.8579710144927536,3
Fis_47420,22.168142115231603,226,LLT,1.037775373039742,238,0.9495798319327731,3
Fis_47424,0.00526623427867889,1,LLT,1.0000068217763811,2,0.5,2
Fis_47425,11.867525320500135,93,LLT,1.0202217227126926,102,0.9117647058823529,3
Fis_47427,367.8874707397572,1384,LLT,1.6269280739810354,1787,0.774482372691662,3
Fis_47488,182.94163594971175,643,LLT,1.3117552471451464,758,0.8482849604221636,3
Fis_47495,62.08338785124943,319,LLT,1.105796374143937,349,0.9140401146131805,3
Fis_47714,31.584402255637546,175,LLT,1.0538219594905422,187,0.9358288770053476,3
Fis_47835,47.29687636578456,235,LLT,1.0805981498681332,265,0.8867924528301887,3
Fis_48194,171.33045002617155,1328,LLT,1.2919682089856028,1638,0.8107448107448108,3
Fis_53171,17.86613602656871,116,LLT,1.030444170249648,129,0.8992248062015504,3
Fis_54405,1.1130907330662012,10,LLT,1.0018947052170508,10,1,3
Fis_54647,4.82015815039631,67,LLT,1.0082120516905062,69,0.9710144927536232,3
Fis_54691,34.88342302036472,292,LLT,1.0594439390360115,320,0.9125,3
Fis_54720,30.720244196476415,259,LLT,1.0523493167643732,302,0.8576158940397351,3
Fis_54787,16.791767103830352,155,LLT,1.028613299655409,169,0.9171597633136095,3
Fis_54790,7.340514115523547,69,LLT,1.0125070806381091,70,0.9857142857142858,3
Fis_54800,36.24120632431004,300,LLT,1.0617577862368464,325,0.9230769230769231,3
Fis_54855,39.99187459633686,335,LLT,1.0681494344897542,364,0.9203296703296703,3
Fis_54860,9.701947957277298,54,LLT,1.0165312846983756,67,0.8059701492537313,3
Fis_57444,140.0065343737606,714,LLT,1.238588001451074,1018,0.7013752455795678,3
Fis_58162,330.6877837809252,1706,LLT,1.5635347539339255,1976,0.8633603238866396,3
Fis_58165,42.423611901311006,377,LLT,1.072293445201869,399,0.9448621553884712,3
Fis_58273,23.78823696024301,438,LLT,1.0405362347408136,545,0.8036697247706422,3
Fis_58285,1.531912502949126,25,LLT,1.0026084344086506,25,1,3
Fis_58398,41.41456805386292,440,LLT,1.0705738974101462,617,0.713128038897893,3
Fis_58409,25.22499934686857,123,LLT,1.0429846730276142,200,0.615,2
Fis_58485,780.0329626951993,19395,LLT,2.3292799810392664,20646,0.9394071490845685,3
Fis_6035,279.0986214556269,1005,LLT,1.4756198130939877,1320,0.7613636363636364,3
Fis_60598,0.9227709400001912,19,LLT,1.0015703744352762,19,1,3
Fis_61240,225.34321813762656,789,LLT,1.3840133033249478,1106,0.713381555153707,3
Fis_61250,15.71512308344245,154,LLT,1.0267785519857098,179,0.8603351955307262,3
Fis_61406,18.53544052550569,193,LLT,1.0315847560389058,208,0.9278846153846154,3
Fis_61410,8.651946154655889,73,LLT,1.0147419389870185,78,0.9358974358974359,3
Fis_61506,2.7636633088786766,40,LLT,1.0047075051117182,40,1,3
Fis_61508,413.79874986954877,4254,LLT,1.705167130531915,5011,0.8489323488325683,3
Fis_61614,5.017709218278469,2183,LLT,1.0085487055469151,2229,0.9793629430237775,3
Fis_61628,251.3632776624388,2829,LLT,1.4283550195046224,3123,0.9058597502401537,3
Fis_61691,183.5859619323753,7577,LLT,1.3128532661494154,7590,0.9982872200263505,3
Fis_64122,19.48555412364658,82,LLT,1.0332038786803062,109,0.7522935779816514,3
Fis_6652,19.80353996552003,241,LLT,1.0337457697523105,251,0.9601593625498008,3
Fis_8339,248.3570943781303,1193,LLT,1.4232320748069065,1552,0.7686855670103093,3
ITS_Mam_180417,563.7911474843886,16176,LLT,1.9607745520984925,17343,0.9327106037017817,3
ITS_Mam_180419,186.47720896696592,1070,LLT,1.317780343863857,1417,0.7551164431898377,3
ITS_Mam_180426,742.2551115267551,20471,LLT,2.264901390637051,21809,0.9386491815305608,3
ITS_Mam_180429,425.3350189958428,11573,LLT,1.724826500291722,12702,0.911116359628405,3
ITS_Mam_180430,443.3370893935796,16008,LLT,1.7555044737783612,17105,0.9358667056416252,3
ITS_Mam_180434,575.2103613398699,19272,LLT,1.9802344437752168,20441,0.9428110170735287,3
ITS_Mam_180438,109.58533989256978,4557,LLT,1.1867461534243493,4714,0.9666949512091642,3
ITS_Mam_180440,181.3712070095199,15780,LLT,1.3090790228928562,16814,0.9385036279291067,3
ITS_Mam_180445,49.2849835743059,8308,LLT,1.0839861546300344,8992,0.923932384341637,3
ITS_Mam_180447,9.699141400434655,4106,LLT,1.016526501944253,4765,0.8616998950682057,3
ITS_Mam_180449,0.3055529037519591,52,LLT,1.0005185510542345,59,0.8813559322033898,3
ITS_Mam_180451,0.5330811273306608,19,LLT,1.0009062900562598,19,1,3
ITS_Mam_180455,89.98751419921246,9037,LLT,1.1533487961352578,9722,0.9295412466570665,3
ITS_Mam_180457,529.6188580386506,20424,LLT,1.9025403286768403,21707,0.9408946422812917,3
ITS_Mam_180459,464.1297550587555,10924,LLT,1.790938000694966,12060,0.9058043117744611,3
ITS_Mam_180461,484.1182243827225,12755,LLT,1.8250010677984176,13920,0.9163074712643678,3
ITS_Mam_180463,473.13194625862855,19144,LLT,1.806278957421037,20286,0.9437050182391797,3
ITS_Mam_180466,523.5535866979271,17882,LLT,1.89220428236278,19056,0.938392107472712,3
ITS_Mam_180469,455.2585966156876,21463,LLT,1.7758203415869098,23366,0.9185568775143371,3
ITS_Mam_180471,52.83977353608134,247,LLT,1.090043999632775,317,0.7791798107255521,3
ITS_Mam_180475,9.418413811632943,5110,LLT,1.0160481039969087,5776,0.8846952908587258,3
ITS_Mam_180478,98.68514238064743,400,LLT,1.1681707361039102,591,0.676818950930626,3
ITS_Mam_180488,491.24987792978663,21368,LLT,1.8371543742570031,23169,0.9222668220467003,3
ITS_Mam_180491,288.6114098857821,19163,LLT,1.4918308968636076,20329,0.942643514191549,3
ITS_Mam_180492,517.0996200803534,16267,LLT,1.8812058464938437,17411,0.9342944115788869,3
ITS_Mam_180495,78.86443271180246,11874,LLT,1.134393554242448,12594,0.9428299190090519,3
ITS_Mam_180498,546.9674183608088,20858,LLT,1.932104632217251,22113,0.9432460543571655,3
ITS_Mam_180500,14.654553876028784,2473,LLT,1.0249711979810352,2494,0.9915797914995991,3
ITS_Mam_180502,631.9425797255312,16064,LLT,2.076913850811218,17227,0.9324896964068032,3
ITS_Mam_180505,91.72415300321929,11904,LLT,1.156308264574615,12626,0.9428164105813401,3
ITS_Mam_180507,55.92782453621476,8017,LLT,1.095306458039748,8137,0.985252550079882,3
ITS_Mam_180508,145.24979233614408,9757,LLT,1.247523225300317,9826,0.9929778139629554,3
ITS_Mam_180510,728.5366224068866,16145,LLT,2.241523221559955,17379,0.9289947637953853,3
ITS_Mam_180511,114.62291408465352,11882,LLT,1.1953308641874598,12607,0.9424922662013168,3
ITS_Mam_180513,139.3809020020335,11933,LLT,1.2375218388993132,12660,0.9425750394944707,3
ITS_Mam_180516,116.40555274596773,11892,LLT,1.1983687226326156,12616,0.9426125554850983,3
ITS_Mam_180517,471.8718891592679,19177,LLT,1.804131648948635,20328,0.9433785911058639,3
ITS_Mam_180524,185.59220919334473,21353,LLT,1.3162721840249616,23183,0.9210628477763879,3
ITS_Mam_180525,554.9583221678645,19550,LLT,1.9457222178455107,20759,0.9417602003950094,3
ITS_Mam_180526,105.52972439488168,17169,LLT,1.1798348336727211,18311,0.9376331167058053,3
ITS_Mam_180527,214.340603085461,21431,LLT,1.3652633526028093,23281,0.9205360594476182,3
ITS_Mam_180528,412.7519247553416,21144,LLT,1.7033831983291594,22909,0.922956043476363,3
ITS_Mam_180530,536.9302771817947,21414,LLT,1.9149999801317796,23311,0.9186221097336021,3
ITS_Mam_180535,124.6431941567871,9767,LLT,1.2124067826562743,10477,0.932232509306099,3
ITS_Mam_552461,78.44022671425319,11798,LLT,1.1336706495954731,12522,0.9421817601022201,3
ITS_Mam_552771,166.19365314159063,11952,LLT,1.283214409275363,12688,0.9419924337957125,3
ITS_Mam_555654,226.95632109999065,2289,LLT,1.386762249908161,2800,0.8175,3
ITS_Mam_612592,32.60225427229136,11829,LLT,1.055556517599156,12553,0.942324543933721,3
ITS_Mam_612596,286.56085573198936,2141,LLT,1.4883364740237282,2651,0.8076197661259902,3
ITS_Mam_612597,709.3999010590604,19272,LLT,2.2089116487153326,20478,0.9411075300322297,3
ITS_Mam_771132,24.76300799404271,182,LLT,1.0421973770022177,208,0.875,3
Rep_2666,735.5038455799119,17630,LLT,2.2533963163237907,18890,0.9332980412916887,3
Rep_2941,432.84893628033205,1836,LLT,1.7376312360882968,2283,0.8042049934296978,3
Rep_4381,643.1333093523223,21441,LLT,2.0959843743233364,23020,0.9314074717636838,3
Rep_5181,448.22895468762,1930,LLT,1.7638408767850755,2386,0.8088851634534786,3
Rep_6936,272.73601904516727,1193,LLT,1.4647770742455355,1502,0.7942743009320905,3
Rep_8732,84.95549587416463,546,LLT,1.1447735533243248,612,0.8921568627450981,3
