species_id,sumA,ncells_overlap,GEAR,A_scaled
Fis_125906,11.41566628916189,73,GND,1.0194516935395572
Fis_131127,78.84709600541737,364,GND,1.1343640101396266
Fis_131407,14.80967632890679,195,GND,1.0252355477136732
Fis_131465,53.102162471470365,322,GND,1.0904911460234519
Fis_131805,3.3606313162017614,37,GND,1.005724819692564
Fis_131815,226.98672208189964,309,GND,1.386814057311219
Fis_131821,12.66587209858153,119,GND,1.0215822140756308
Fis_131829,8.878263793420047,41,GND,1.0151276149880653
Fis_131831,1.7144316716585308,39,GND,1.0029194718668295
Fis_131843,66.85924166642332,492,GND,1.1139350778308412
Fis_131844,37.00433360080933,349,GND,1.0630582587846218
Fis_131852,22.991434175935524,1492,GND,1.0391783745530132
Fis_132130,61.4300002027303,83,GND,1.104682912830049
Fis_132518,0.006179129588417709,4,GND,1.0000083774740034
Fis_132520,5.6769524093251675,199,GND,1.0096721455007287
Fis_132528,44.401843354224184,261,GND,1.0756646203346214
Fis_132543,2.0984314731904306,25,GND,1.003573859693896
Fis_132550,16.722423191944245,298,GND,1.0284951282093864
Fis_132559,6.391891380655579,64,GND,1.0108904986302552
Fis_139820,8.61389950546436,257,GND,1.0146771023282695
Fis_140161,205.0879380492879,389,GND,1.349495554433541
Fis_140634,11.581676496085493,1835,GND,1.0197345974841587
Fis_140639,37.92774819673454,7794,GND,1.064631882699265
Fis_140641,5.679696167364568,1069,GND,1.0096768212371594
Fis_140692,16.035820629671434,2934,GND,1.0273250641703127
Fis_142376,1.7297121025476372,21,GND,1.0029455117968666
Fis_144985,34.75565625479794,156,GND,1.0592262071107421
Fis_146573,105.8205551437417,7780,GND,1.1803304487772899
Fis_146574,24.32229194665993,2496,GND,1.0414463369874842
Fis_148497,291.7460775319487,354,GND,1.4971727963681567
Fis_149485,64.03995590718114,401,GND,1.1091306319053233
Fis_154008,30.573996971026645,252,GND,1.0521000916249466
Fis_154010,148.9455730454065,212,GND,1.2538213376899585
Fis_154012,17.05319698727544,143,GND,1.0290588116912887
Fis_154456,464.34197247692646,803,GND,1.7912996480046481
Fis_156398,158.70451524900272,549,GND,1.2704519009287962
Fis_15849,46.51642488235484,254,GND,1.0792681545183054
Fis_159132,4.966549401753582,203,GND,1.0084615222696447
Fis_159136,21.868844462675042,355,GND,1.0372653291810703
Fis_159582,513.1001152864701,987,GND,1.8743901470039748
Fis_159583,431.8365393166905,902,GND,1.7359059741310692
Fis_159584,208.5454062029603,502,GND,1.3553875498543897
Fis_159586,16.154297898538147,2833,GND,1.027526965531254
Fis_160267,140.19602130724525,515,GND,1.2389109129269804
Fis_160378,223.2155095950584,893,GND,1.3803873989253956
Fis_160439,402.1858900641139,4166,GND,1.685377239850231
Fis_160444,404.2019041016538,7727,GND,1.6888128016398414
Fis_160464,11.275699979436467,340,GND,1.0192131719337691
Fis_160691,92.0904302932322,223,GND,1.1569324508345014
Fis_160851,10.5633416280034,289,GND,1.0179992165311174
Fis_160854,11.409176980843768,284,GND,1.0194406348766294
Fis_160862,0.8052863581106067,24,GND,1.0013701647477977
Fis_160879,33.033142044407214,290,GND,1.0562908088976917
Fis_160881,0.17571364878676832,9,GND,1.0002972873254887
Fis_160886,2.8078548996709287,125,GND,1.0047828135857273
Fis_160887,0.9403231325413799,72,GND,1.0016002857557806
Fis_160925,0.038236750557189225,10,GND,1.0000630080150688
Fis_160938,1.3649514814756003,287,GND,1.0023239101468906
Fis_161155,119.5920252726064,556,GND,1.2037989046910313
Fis_161159,50.82824576093117,242,GND,1.0866160830437228
Fis_161202,148.25263699131028,449,GND,1.2526404805204314
Fis_161209,33.31487027660478,641,GND,1.0567709120773172
Fis_161213,15.716736718808534,382,GND,1.0267813018395813
Fis_161218,35.59986224910244,375,GND,1.0606648488079657
Fis_161221,128.73755246190922,477,GND,1.2193841254148676
Fis_161225,2.1880441804532893,129,GND,1.0037265719206974
Fis_161228,113.89815933976206,481,GND,1.1940957836463408
Fis_161233,40.180517828659504,246,GND,1.0684709081842663
Fis_161235,5.2694601226830855,192,GND,1.008977723287649
Fis_161400,183.5387868795102,6630,GND,1.3127728734507396
Fis_161402,12.333118728070986,304,GND,1.0210151571287034
Fis_161412,142.31948675272724,460,GND,1.2425295865126855
Fis_161438,7.523640606385015,160,GND,1.0128191530557382
Fis_161440,27.871162541046033,4454,GND,1.047494094584065
Fis_161448,110.06067093515026,2233,GND,1.1875561820932459
Fis_161453,18.555387872117308,655,GND,1.031618749027321
Fis_161456,169.30931980660534,514,GND,1.288523928526801
Fis_161457,114.32850878254976,442,GND,1.194829157558571
Fis_161466,8.065913412719965,339,GND,1.0137432595839162
Fis_161470,4.417169360589469,228,GND,1.0075253040478205
Fis_161473,35.49825919659634,260,GND,1.0604917034040162
Fis_161480,362.919888048547,1019,GND,1.6184626382435554
Fis_161488,146.53688964087632,549,GND,1.2497166139560054
Fis_161491,140.17572287481744,500,GND,1.2388763216406404
Fis_161493,66.82888411299791,181,GND,1.113883344435819
Fis_161494,458.3947700198987,1271,GND,1.7811648071077195
Fis_161495,72.22426219691988,283,GND,1.1230778016372396
Fis_161638,5.184888431394938,245,GND,1.0088336016368755
Fis_163295,467.63778390906964,1142,GND,1.796916158411416
Fis_164471,5.1924518120940775,140,GND,1.0088464906650503
Fis_164699,7.1088884910568595,52,GND,1.0121123591083507
Fis_165849,76.26138957733474,514,GND,1.1299576151254773
Fis_166044,59.55219287406112,3753,GND,1.1014828740473337
Fis_166734,426.165991573931,1142,GND,1.7262425904499916
Fis_166946,50.10919806943275,136,GND,1.0853907280968722
Fis_169677,194.54803179454393,440,GND,1.331534122359853
Fis_170052,10.787746018216126,298,GND,1.0183816320967234
Fis_170784,11.679261451179627,102,GND,1.0199008955042714
Fis_20033,800.5628171753109,17572,GND,2.3642656419943866
Fis_21798,492.46100172554,1613,GND,1.8392182937326114
Fis_21801,615.6841383152569,1258,GND,2.0492072579861405
Fis_22747,33.36144583976693,3424,GND,1.0568502831641002
Fis_22768,61.07228848195308,9679,GND,1.1040733234637479
Fis_22814,5.500979935517535,60,GND,1.0093722645000118
Fis_23008,2.754130575573072,30,GND,1.0046912600391715
Fis_23028,5.444151280506048,182,GND,1.0092754207518648
Fis_23029,7.933424522685527,240,GND,1.0135174805170672
Fis_23044,564.5848130984034,1660,GND,1.9621270661219388
Fis_23045,719.0429659214319,1773,GND,2.225344741223124
Fis_23046,370.74408716719154,807,GND,1.6317961364364155
Fis_23047,567.8951663365406,1909,GND,1.967768357741582
Fis_23048,480.387736006267,1210,GND,1.8186438088289432
Fis_23050,86.1133837742965,813,GND,1.1467467516018526
Fis_23051,570.2857297904447,1390,GND,1.971842202618126
Fis_23052,83.52802830003202,283,GND,1.1423409546606853
Fis_23053,267.95769647807174,324,GND,1.456634163469984
Fis_23054,733.1213412707766,13216,GND,2.2493362053247448
Fis_23055,22.960178579203784,140,GND,1.0391251107702004
Fis_23056,216.0973848178728,606,GND,1.368257147328527
Fis_23057,404.10970133226147,608,GND,1.6886556755953188
Fis_23059,368.8234527527238,1472,GND,1.6285231144815642
Fis_23060,556.334216486166,1660,GND,1.948066928675137
Fis_23061,833.5067334065461,17696,GND,2.420406550587598
Fis_23062,576.5667561329828,1278,GND,1.982545924764968
Fis_23063,569.1537324523379,1251,GND,1.9699131253754463
Fis_23064,579.474226444454,1950,GND,1.9875006491470988
Fis_23066,558.5145238380778,1935,GND,1.9517824685912062
Fis_23068,447.3743847187725,975,GND,1.7623845734673154
Fis_23070,494.4217667605735,1331,GND,1.8425597037165347
Fis_23071,884.3969554969368,20680,GND,2.507130402318256
Fis_23074,575.6106935708991,1983,GND,1.9809166642808593
Fis_23075,625.632404798439,1969,GND,2.0661604555165454
Fis_23076,123.91541652442402,1891,GND,1.2111665507042533
Fis_23077,614.9030678340894,2489,GND,2.047876207780078
Fis_23078,3.3423474594019353,59,GND,1.0056936615167684
Fis_23080,1.5125400822198571,86,GND,1.0025754211720408
Fis_23082,11.308459540072363,291,GND,1.0192689986753836
Fis_23084,0.07563691143968754,43,GND,1.0001267429699157
Fis_23101,192.09819597188084,1995,GND,1.3273592693149652
Fis_23103,17.06474926212104,624,GND,1.0290784983369683
Fis_23104,160.96868929269112,608,GND,1.2743103610806987
Fis_23105,52.53405288473368,995,GND,1.0895230101116178
Fis_23113,129.7399448247088,1197,GND,1.2210923381731649
Fis_23121,13.953369649565502,237,GND,1.0237762848053042
Fis_23123,198.855288501396,869,GND,1.3388742729166228
Fis_23124,8.088469815818371,92,GND,1.0137816987590178
Fis_23126,50.618585902499035,182,GND,1.0862587941632724
Fis_23127,551.7870161577691,19388,GND,1.940317881591612
Fis_23128,448.4900671508658,896,GND,1.7642858478938153
Fis_23129,533.5274973852472,1972,GND,1.9092011811007261
Fis_23138,66.11209283955395,210,GND,1.112661834731861
Fis_23144,9.488846043124795,39,GND,1.0161681300873846
Fis_23146,11.09381348604802,57,GND,1.0189032126402842
Fis_23149,715.8824507542222,2491,GND,2.219958794031407
Fis_23153,13.275033775600605,357,GND,1.022620308326113
Fis_23155,41.56642633939555,170,GND,1.0708326845582001
Fis_23156,54.469713887840044,288,GND,1.0928216394148276
Fis_23157,890.9386911655421,4854,GND,2.51827840857332
Fis_23158,15.951726091266437,236,GND,1.0271817556528722
Fis_23159,10.439183272414994,151,GND,1.0177876338266432
Fis_23161,771.8613161895978,18080,GND,2.315354385299315
Fis_23193,466.02638340856174,1204,GND,1.7941701130544798
Fis_23198,204.7854850030053,1098,GND,1.348980133355309
Fis_23201,9.77267488965299,287,GND,1.016651812999192
Fis_23202,13.580768507701578,416,GND,1.023141321842787
Fis_23204,4.746651500950975,275,GND,1.008086786374187
Fis_23220,11.052738631144166,54,GND,1.0188332155076285
Fis_23221,12.824861720873741,73,GND,1.0218531539902942
Fis_23222,486.61644105509777,20188,GND,1.8292583683836123
Fis_23223,10.288348548812792,278,GND,1.0175305909671666
Fis_23239,653.5074756526046,1461,GND,2.113663362999331
Fis_23243,131.81626717351241,2405,GND,1.2246306735178774
Fis_23252,9.71933604311198,61,GND,1.0165609163587588
Fis_23253,303.6572658164405,435,GND,1.5174710793052095
Fis_23260,0.18357824836857617,24,GND,1.000310689671559
Fis_23273,994.9827527905691,13281,GND,2.6955836236654753
Fis_23274,1105.8705554633561,13212,GND,2.884551503205327
Fis_23277,883.4582119933796,18869,GND,2.5055306558626205
Fis_23278,14.703510684232242,202,GND,1.025054627032854
Fis_23280,28.2149939384326,536,GND,1.0480800299937068
Fis_23292,3.8860373410279863,129,GND,1.006620182933748
Fis_23311,356.70039970830385,1086,GND,1.6078637852123823
Fis_23322,470.83737163343903,1226,GND,1.802368690548426
Fis_23898,863.8284598728612,15134,GND,2.472078891604534
Fis_23899,1159.9261832844654,20489,GND,2.9766696363122893
Fis_23993,11.324682381004095,44,GND,1.019296644600157
Fis_24044,11.69421305321157,53,GND,1.0199263750652654
Fis_24046,8.827375063672662,47,GND,1.01504089367949
Fis_24098,1172.1422786694543,15108,GND,2.9974875223693322
Fis_24127,918.0184597772259,13848,GND,2.564426012995421
Fis_24153,43.372732429834286,986,GND,1.0739108755177356
Fis_24377,1.6321392301470041,6,GND,1.002779234367305
Fis_24448,426.34912346945794,945,GND,1.7265546720779048
Fis_25062,52.14565868806676,437,GND,1.0888611336382756
Fis_25233,87.8732749050323,693,GND,1.149745845164717
Fis_25412,6.52016122914938,92,GND,1.0111090878771745
Fis_25414,4.467677472799551,53,GND,1.0076113767324066
Fis_25470,317.29485395751453,544,GND,1.540711382124277
Fis_25603,443.6691580802908,1029,GND,1.7560703639310822
Fis_25664,323.36933040014264,685,GND,1.5510631151824696
Fis_25886,5.4562743321293965,244,GND,1.0092960800787123
Fis_25888,632.902538919266,1289,GND,2.078549751685006
Fis_25889,557.839413726957,734,GND,1.9506319892501116
Fis_25892,372.00306335499045,481,GND,1.6339416028886775
Fis_25894,16.61998866155045,241,GND,1.0283205658541623
Fis_25895,8.992373770452105,279,GND,1.0153220738904365
Fis_25897,10.728869522496097,219,GND,1.0182812985498157
Fis_25899,529.034338774677,15810,GND,1.9015442284457877
Fis_25900,11.586234366171993,305,GND,1.0197423647139594
Fis_25902,285.41125522162156,1234,GND,1.4863773985841762
Fis_25903,246.30947341190677,539,GND,1.4197426505171098
Fis_25905,10.114979025580396,47,GND,1.0172351457478332
Fis_26085,254.81335411668852,1461,GND,1.434234418465514
Fis_26148,506.7136420009774,1298,GND,1.8635067289416773
Fis_26519,460.320964940257,1474,GND,1.7844473049199867
Fis_26902,523.8907149690931,1277,GND,1.8927787947347414
Fis_26903,675.56402835481,1523,GND,2.151250725122411
Fis_26906,432.78106622554697,898,GND,1.7375155762949936
Fis_26932,594.8150958461722,1090,GND,2.0136435746201085
Fis_27224,342.7529362832429,506,GND,1.584095412813745
Fis_27236,45.780497225916406,152,GND,1.078014033818103
Fis_27240,569.5606013161305,1091,GND,1.9706064851913005
Fis_27676,296.2297726223196,893,GND,1.5048136218990837
Fis_27677,2.9119576872471953,32,GND,1.0049602188778182
Fis_27678,0.06780235930636991,14,GND,1.0001133918287792
Fis_28552,607.7750984562799,1243,GND,2.035729179646386
Fis_28553,270.9110145793529,491,GND,1.4616670187142402
Fis_28555,218.29394015520666,616,GND,1.3720003760189967
Fis_28559,443.6360667975914,793,GND,1.7560139718900079
Fis_28560,473.410284972706,714,GND,1.8067532844013297
Fis_28561,501.33282507014883,865,GND,1.8543370859232182
Fis_28562,599.0312970736941,1180,GND,2.0208285542704774
Fis_28563,411.8847406538662,1269,GND,1.7019053988158075
Fis_28785,630.7883426272347,980,GND,2.0749468739959687
Fis_28787,667.4394437763149,1192,GND,2.137405329299475
Fis_28947,642.832120801198,1453,GND,2.095471108116632
Fis_29298,2.1475051874294877,46,GND,1.0036574879694804
Fis_29319,4.76861678971909,171,GND,1.0081242182101684
Fis_29320,156.45298442670702,670,GND,1.2666149865436918
Fis_29321,222.89607052862084,1210,GND,1.3798430313613181
Fis_29328,99.42215443770522,7723,GND,1.1694267047700806
Fis_29332,225.22635857289424,447,GND,1.383814158751612
Fis_29338,2.977111127693206,45,GND,1.0050712491912435
Fis_29367,4.958310197449464,302,GND,1.0084474815462385
Fis_29380,102.00270226316843,746,GND,1.1738243088245852
Fis_29385,6.5177097427391,130,GND,1.011104910211304
Fis_29388,426.6346119956952,1766,GND,1.727041183309399
Fis_29406,394.6486857136879,885,GND,1.6725328197298195
Fis_29409,0.8643249308211125,81,GND,1.0014707744959146
Fis_29411,9.971591418143362,39,GND,1.0169907937859712
Fis_29416,330.80066762155457,1412,GND,1.5637271233332994
Fis_29421,1.708226814866066,7,GND,1.0029088979479432
Fis_29423,831.6162502174811,13942,GND,2.4171849104167897
Fis_29436,564.5224411830095,1347,GND,1.962020775905064
Fis_29459,22.271892942022532,73,GND,1.037952178542842
Fis_29481,12.59768398606866,106,GND,1.021466012268752
Fis_29485,9.369397043366916,219,GND,1.0159645727649982
Fis_29500,622.3442945459501,1027,GND,2.0605570689660917
Fis_29505,452.60356673397655,873,GND,1.7712958099903884
Fis_29521,2.9015934631461278,60,GND,1.0049425568320003
Fis_29531,622.8429358281869,15010,GND,2.0614068214499905
Fis_29532,20.470074935849993,803,GND,1.0348816358885893
Fis_29536,160.3458715252309,1709,GND,1.2732489949969645
Fis_29539,41.12671949349806,302,GND,1.0700833643598948
Fis_29540,12.545686684374232,356,GND,1.0213774018029824
Fis_29547,1.6111551555804908,79,GND,1.0027434746536181
Fis_30530,141.49722429166218,1617,GND,1.2411283395770671
Fis_30583,1164.2340478840397,14129,GND,2.9840108228008386
Fis_30780,414.2890123539546,535,GND,1.7060026044060748
Fis_30995,506.69027069302683,1334,GND,1.8634669010580054
Fis_31187,12.881226021563634,64,GND,1.0219492064155962
Fis_31223,195.69252209873412,725,GND,1.3334844893138715
Fis_31247,12.408999192171905,113,GND,1.0211444677476715
Fis_31408,30.276910785268228,387,GND,1.0515938164061203
Fis_31568,892.3694496489263,13446,GND,2.520716615393385
Fis_31570,386.1871486031905,1104,GND,1.65811321101833
Fis_31571,180.8164987696582,262,GND,1.3081337246966311
Fis_31573,310.0240561926912,597,GND,1.5283209550162926
Fis_31576,65.2039902631659,215,GND,1.1111143045786025
Fis_31577,504.35995721687505,7085,GND,1.859495730328336
Fis_31578,386.16820289453517,2325,GND,1.658080924957062
Fis_31582,0.06113499030470848,2,GND,1.0001020297262577
Fis_31583,8.974107671470847,281,GND,1.015290945976376
Fis_31585,464.1766636557495,842,GND,1.7910179393166403
Fis_31589,32.70208987731894,132,GND,1.0557266510324994
Fis_31594,12.35833360228662,145,GND,1.021058126699734
Fis_31600,87.35297376515018,307,GND,1.1488591813409614
Fis_31602,12.909032087365631,334,GND,1.0219965917290958
Fis_32598,47.324005233537264,875,GND,1.0806443811441617
Fis_32599,259.7818381373154,865,GND,1.4427013901907633
Fis_32608,10.600566337816417,40,GND,1.0180626524935072
Fis_32609,280.12608122924576,808,GND,1.4773707441256554
Fis_32610,532.2850157404573,1364,GND,1.907083823590487
Fis_32611,488.6547569761278,1160,GND,1.8327319356123362
Fis_32811,299.6525574923289,538,GND,1.5106465122929473
Fis_32960,11.702717546315398,295,GND,1.0199408678768251
Fis_32975,510.954941833912,1113,GND,1.8707344800252423
Fis_32976,0.06241990067064762,2,GND,1.0001042193880727
Fis_33107,146.43634591872978,415,GND,1.2495452737948956
Fis_33775,49.75782703963705,380,GND,1.084791944129368
Fis_33777,55.29708053716422,332,GND,1.0942315845806285
Fis_34717,2.554286597223836,63,GND,1.0043506987518411
Fis_35264,516.3418352993904,1319,GND,1.8799144782842245
Fis_35265,452.9351036001972,1011,GND,1.771860793848747
Fis_35514,845.5969326638985,14062,GND,2.4410098925405253
Fis_47352,593.5445698794665,1151,GND,2.0114784257755853
Fis_47368,92.6060561244667,296,GND,1.1578111472971941
Fis_47420,6.549139867769554,226,GND,1.011158471414047
Fis_47424,0.0018565538339316845,1,GND,1.0000010112177085
Fis_47425,3.2664145515300333,93,GND,1.00556426152649
Fis_47427,643.850734193169,1349,GND,2.0972069637122166
Fis_47488,387.48661274148617,646,GND,1.660327674438409
Fis_47495,66.64044284133706,319,GND,1.1135622149097104
Fis_47714,14.888773631151707,136,GND,1.025370340261837
Fis_47835,34.74590232560877,235,GND,1.059209585090361
Fis_48194,258.2790826616972,1282,GND,1.4401404907153499
Fis_53171,4.999873813823797,116,GND,1.0085183115948368
Fis_54405,1.7408961430191994,10,GND,1.0029645709211494
Fis_54647,1.5100907822488807,67,GND,1.00257124723216
Fis_54691,10.721064411802217,292,GND,1.018267997580892
Fis_54720,10.066909927874804,259,GND,1.0171532294752959
Fis_54787,5.243780982331373,155,GND,1.008933962544053
Fis_54790,2.1249147037160583,69,GND,1.0036189907163813
Fis_54800,11.122174810268916,300,GND,1.01895154418956
Fis_54855,12.714569564472185,335,GND,1.0216652011729175
Fis_54860,3.390100264456123,54,GND,1.0057750387836604
Fis_57444,249.12122417723276,659,GND,1.4245342557893874
Fis_58162,463.8961453684551,1650,GND,1.7905398980474974
Fis_58165,10.502403741506555,312,GND,1.017895370094292
Fis_58273,31.857758545638262,369,GND,1.0542877957433603
Fis_58285,2.321901420975337,25,GND,1.0039546828426635
Fis_58398,33.80419602166057,405,GND,1.0576047896203713
Fis_58409,20.31372480592472,124,GND,1.0346151940274864
Fis_58485,980.86005460573665,19022,GND,2.671516627431055
Fis_6035,454.30591285934315,956,GND,1.7741968390467822
Fis_60598,1.4220433747395873,19,GND,1.00242120248878
Fis_61240,383.20876449416346,736,GND,1.653037639891731
Fis_61250,5.123272032942623,154,GND,1.0087285989235044
Fis_61406,6.345719451317564,193,GND,1.010811815390341
Fis_61410,2.6308313378249295,73,GND,1.0044811413882058
Fis_61506,4.197182137051641,40,GND,1.0071504159342877
Fis_61508,732.5540197469722,4231,GND,2.248369412379203
Fis_61614,2.3037504534258915,2211,GND,1.0039237511282033
Fis_61628,189.33722232030425,2625,GND,1.3226541951424395
Fis_61691,214.17479654430838,7441,GND,1.364980795732349
Fis_64122,50.67804609052837,83,GND,1.086360122401168
Fis_6652,6.216769407408719,241,GND,1.010592066998032
Fis_8339,384.47167825771976,1147,GND,1.655189816507992
ITS_Mam_180417,746.7812934553647,15790,GND,2.2726146195120505
ITS_Mam_180419,374.10336836695205,1054,GND,1.6375208079493864
ITS_Mam_180426,1173.6166198347767,20146,GND,3
ITS_Mam_180429,566.4936376291298,11193,GND,1.9653799624305561
ITS_Mam_180430,554.0233576773023,15619,GND,1.9441289113413864
ITS_Mam_180434,710.1498631092213,18911,GND,2.21018968592897
ITS_Mam_180438,119.33341755941677,4551,GND,1.2033582020166507
ITS_Mam_180440,190.82762255887494,15418,GND,1.3251940396155009
ITS_Mam_180445,20.810380552355127,8395,GND,1.035461562888642
ITS_Mam_180447,4.3169816065774285,4196,GND,1.007354570504769
ITS_Mam_180449,0.08687857347490535,55,GND,1.0001459002891706
ITS_Mam_180451,0.8117432493017986,19,GND,1.0013811681675373
ITS_Mam_180455,45.55842678804038,9126,GND,1.077635595624339
ITS_Mam_180457,724.3651654409837,20099,GND,2.234414492209763
ITS_Mam_180459,653.9550469266271,10543,GND,2.114426085251521
ITS_Mam_180461,700.6878302376397,12402,GND,2.1940650965261543
ITS_Mam_180463,549.2317195682592,18771,GND,1.935963309073479
ITS_Mam_180466,626.4895663657308,17507,GND,2.0676211752701157
ITS_Mam_180469,498.221621103163,21191,GND,1.8490351717154658
ITS_Mam_180471,165.7305639386177,249,GND,1.282425242364176
ITS_Mam_180475,4.452242452922292,5197,GND,1.0075850733617333
ITS_Mam_180478,353.26188942277804,429,GND,1.6020040965742266
ITS_Mam_180488,516.3778601822687,21095,GND,1.8799758695785247
ITS_Mam_180491,301.1801769609667,18782,GND,1.513249783390167
ITS_Mam_180492,671.2037083290119,15883,GND,2.1438201474616596
ITS_Mam_180495,44.443292435450076,11935,GND,1.0757352551997674
ITS_Mam_180498,632.4810765134699,20549,GND,2.0778315224910875
ITS_Mam_180500,6.672253998380256,2471,GND,1.011368274617304
ITS_Mam_180502,850.2360790874372,15686,GND,2.448915628260782
ITS_Mam_180505,53.82630786427126,11964,GND,1.0917251881458296
ITS_Mam_180507,27.211615509587205,8072,GND,1.0463701368449134
ITS_Mam_180508,87.1812243646009,9724,GND,1.148566497030769
ITS_Mam_180510,1082.0705358654916,15765,GND,2.843993036647137
ITS_Mam_180511,69.84524275566173,11942,GND,1.1190236293264653
ITS_Mam_180513,81.37971733895347,11991,GND,1.138679940941213
ITS_Mam_180516,69.39421305296878,11952,GND,1.1182550134420033
ITS_Mam_180517,546.849387599654,18811,GND,1.9319034917661078
ITS_Mam_180524,142.9762213348688,21096,GND,1.2436487514561372
ITS_Mam_180525,674.6702927447352,19189,GND,2.149727678231461
ITS_Mam_180526,62.68820630284412,16783,GND,1.1068270669482816
ITS_Mam_180527,179.7172576266653,21163,GND,1.3062604684602594
ITS_Mam_180528,425.191542470865,20874,GND,1.724581996802291
ITS_Mam_180530,551.3442586817819,21135,GND,1.9395633627052145
ITS_Mam_180535,65.7421408916266,9868,GND,1.112031386355697
ITS_Mam_552461,42.99533267169113,11856,GND,1.0732677350612003
ITS_Mam_552771,96.03587593566874,12005,GND,1.1636560261865265
ITS_Mam_555654,381.03747077585,2267,GND,1.6493374604317894
ITS_Mam_612592,18.89891038609835,11890,GND,1.0322041580576788
ITS_Mam_612596,485.34461481047686,2128,GND,1.8270910036888828
ITS_Mam_612597,946.1733284813739,18899,GND,2.6124057340243003
ITS_Mam_771132,14.999441987019964,182,GND,1.0255589341742108
Rep_2666,1134.8655115382799,17265,GND,2.9339628472374337
Rep_2941,652.9740359852476,1778,GND,2.1127543093399277
Rep_4381,984.5215993490646,21171,GND,2.677756397083888
Rep_5181,739.4997867016791,1869,GND,2.2602059428322594
Rep_6936,365.5655511765199,1163,GND,1.6229712076192608
Rep_8732,82.10591440327698,546,GND,1.1399174793905789
Fis_125906,3.6243164754705504,73,PST,1.0061741750248199
Fis_131127,37.79423126319307,371,PST,1.0644043517066233
Fis_131407,6.9190089027397335,195,PST,1.0117887784952686
Fis_131465,20.794956322513826,326,PST,1.0354352779056557
Fis_131805,2.0020258013973944,37,PST,1.0034095713327305
Fis_131815,54.68765992298722,309,PST,1.0931930490660533
Fis_131821,9.356551792247046,119,PST,1.0159426827120999
Fis_131829,5.244887609267607,41,PST,1.0089358483866844
Fis_131831,1.009759653301444,39,PST,1.0017186150199051
Fis_131843,27.300091584597453,502,PST,1.0465209120959482
Fis_131844,19.29660087491891,354,PST,1.032881876675725
Fis_131852,13.943622903096127,1500,PST,1.0237596750252533
Fis_132130,14.500681503210217,78,PST,1.0247089785546382
Fis_132518,0.0038358167512342334,4,PST,1.0000043841505966
Fis_132520,4.201437400930445,199,PST,1.0071576674820024
Fis_132528,19.59423679778888,267,PST,1.0333890887212698
Fis_132543,1.2867620531324064,25,PST,1.0021906647391874
Fis_132550,9.744513422547243,295,PST,1.0166038220335902
Fis_132559,3.8122633995953947,64,PST,1.0064944621155716
Fis_139820,7.059322679415345,257,PST,1.0120278922319423
Fis_140161,43.00655482046568,387,PST,1.0732868591272084
Fis_140634,11.714426384254693,1836,PST,1.0199608213272853
Fis_140639,37.23511585430275,7763,PST,1.0634515430956724
Fis_140641,5.362622884195503,1072,PST,1.0091364852891562
Fis_140692,15.144898281567407,2941,PST,1.0258068114599341
Fis_142376,1.0283355197752826,21,PST,1.001750270819854
Fis_144985,10.09264864778379,156,PST,1.017197091750551
Fis_146573,34.17071596892258,7774,PST,1.0582293894011743
Fis_146574,10.24461084002344,2516,PST,1.0174560559697492
Fis_148497,69.03356761358737,353,PST,1.1176404246206637
Fis_149485,19.019249266624684,401,PST,1.0324092318577827
Fis_154008,23.89190611036247,249,PST,1.0407129010557696
Fis_154010,32.52068728656741,213,PST,1.0554175163748445
Fis_154012,8.52886197052976,147,PST,1.014532186816639
Fis_154456,117.50121822067786,803,PST,1.2002358854444892
Fis_156398,45.49292133911513,549,PST,1.0775239654406459
Fis_15849,14.981573977412154,258,PST,1.025528484658522
Fis_159132,4.2342236944969045,203,PST,1.0072135397801623
Fis_159136,8.762949776843016,355,PST,1.0149311042387443
Fis_159582,123.98322664582156,981,PST,1.2112821083629226
Fis_159583,114.32460227102638,905,PST,1.194822500332247
Fis_159584,57.17246045457432,502,PST,1.0974274867248015
Fis_159586,12.179770477614994,2857,PST,1.0207538308780126
Fis_160267,40.30431635834975,515,PST,1.0686818776965286
Fis_160378,62.081237742176654,894,PST,1.105792710065991
Fis_160439,116.17669544691589,4218,PST,1.197978718705433
Fis_160444,118.23188031456704,7765,PST,1.2014810329107963
Fis_160464,6.899311745277373,340,PST,1.0117552118631512
Fis_160691,23.676660981524037,223,PST,1.0403460941158043
Fis_160851,8.678885944842477,289,PST,1.0147878480491883
Fis_160854,9.4732197066769,284,PST,1.0161415006872851
Fis_160862,0.5217756745405495,24,PST,1.0008870240288925
Fis_160879,10.564497306975682,290,PST,1.0180011859650817
Fis_160881,0.11982022249139845,9,PST,1.000202037334122
Fis_160886,2.3715481355320662,125,PST,1.00403928758863
Fis_160887,0.759790212585358,72,PST,1.0012926331353036
Fis_160925,0.02353378867246647,10,PST,1.0000379521706626
Fis_160938,1.803326328117464,298,PST,1.0030709604375159
Fis_161155,36.324125367578745,557,PST,1.061899091550887
Fis_161159,15.630029145351727,242,PST,1.0266335403554392
Fis_161202,42.94158409364172,449,PST,1.0731761401826163
Fis_161209,19.25077696237713,641,PST,1.0328037865037087
Fis_161213,8.131982976017753,382,PST,1.0138558510951337
Fis_161218,12.626914323191158,375,PST,1.021515824734065
Fis_161221,38.205828682464926,477,PST,1.0651057696233746
Fis_161225,1.6549985835008556,129,PST,1.0028181898107966
Fis_161228,33.80260880704009,481,PST,1.0576020847910395
Fis_161233,12.302812176574662,246,PST,1.0209635106478967
Fis_161235,3.847028690506704,192,PST,1.006553706894048
Fis_161400,79.86221209778051,6598,PST,1.1360939058615815
Fis_161402,6.2561611916462425,304,PST,1.010659195949632
Fis_161412,40.4280744070129,460,PST,1.0688927782236215
Fis_161438,3.2005756634844147,160,PST,1.0054520631172388
Fis_161440,27.583056913775934,4454,PST,1.0470031234568853
Fis_161448,34.24506367943863,2260,PST,1.058356087999814
Fis_161453,11.07575018027137,663,PST,1.0188724303133931
Fis_161456,46.54533792089205,514,PST,1.0793174262637248
Fis_161457,33.060610299158725,442,PST,1.0563376185352709
Fis_161466,6.6643715311802225,339,PST,1.011354841822385
Fis_161470,3.5985414297610987,228,PST,1.006130250845466
Fis_161473,11.634148393532087,260,PST,1.0198240167255623
Fis_161480,114.46515645151885,1021,PST,1.1950620237496827
Fis_161488,41.905492803416564,549,PST,1.0714104998740848
Fis_161491,39.97738357906928,500,PST,1.0681247398277676
Fis_161493,19.359088989906013,181,PST,1.0329883649124918
Fis_161494,134.9452143749745,1266,PST,1.229962824607544
Fis_161495,22.103741269616876,283,PST,1.0376656252501473
Fis_161638,3.9882572355163575,245,PST,1.0067943795202314
Fis_163295,133.26451708537752,1138,PST,1.2270986881082329
Fis_164471,4.210629816108849,140,PST,1.0071733326062293
Fis_164699,4.231165586854331,52,PST,1.0072083283493043
Fis_165849,26.69943001733691,517,PST,1.0454973031872097
Fis_166044,47.09275336594328,3855,PST,1.080250296546888
Fis_166734,128.7636007007668,1145,PST,1.2194285151524586
Fis_166946,9.11463120647204,136,PST,1.0155304171697315
Fis_169677,44.6028459195777,440,PST,1.0760071560115976
Fis_170052,4.436333318250263,278,PST,1.0075579620350426
Fis_170784,9.732779525133083,102,PST,1.0165838258783808
Fis_20033,379.11881532961115,17851,PST,1.6460678109076374
Fis_21798,148.97932396282795,1609,PST,1.2538788538382086
Fis_21801,159.36558302933145,1252,PST,1.2715784502306113
Fis_22747,25.352190704088173,3272,PST,1.0432014243788923
Fis_22768,55.319900509446484,9338,PST,1.0942704729134243
Fis_22814,3.2777762801852077,60,PST,1.0055836234555762
Fis_23008,1.6572036283905618,30,PST,1.0028219475068376
Fis_23028,4.601140919607133,182,PST,1.0078388165763879
Fis_23029,6.403374695859384,240,PST,1.0109100677593374
Fis_23044,160.2402299876885,1645,PST,1.2730689674658968
Fis_23045,184.11896753973633,1754,PST,1.3137615801116198
Fis_23046,102.03668037997886,807,PST,1.1738822121514585
Fis_23047,162.01800783189492,1891,PST,1.276098542418373
Fis_23048,132.59581002105824,1201,PST,1.2259591204287235
Fis_23050,34.930205718572324,797,PST,1.0595236631090508
Fis_23051,157.12818409106285,1377,PST,1.2677656184956645
Fis_23052,24.945951500791125,283,PST,1.0425091375900601
Fis_23053,46.9694963501006,314,PST,1.080040249847785
Fis_23054,322.9888238264739,13489,PST,1.550414680290227
Fis_23055,8.391202782280743,140,PST,1.0142975968592625
Fis_23056,62.37701083494176,591,PST,1.1062967475959768
Fis_23057,104.44079341542965,615,PST,1.177979147355629
Fis_23059,118.52015030327857,1465,PST,1.2019722841322
Fis_23060,157.8156669191044,1647,PST,1.2689371826271896
Fis_23061,387.4021888308489,17971,PST,1.6601838046259405
Fis_23062,152.77372741519866,1269,PST,1.2603450327797194
Fis_23063,153.91787338037466,1245,PST,1.2622948129332805
Fis_23064,162.3392752061336,1922,PST,1.276646025667314
Fis_23066,160.53136182310027,1918,PST,1.2735650956628513
Fis_23068,129.99303132294517,974,PST,1.221523631947224
Fis_23070,141.00166357960597,1323,PST,1.2402838368032423
Fis_23071,384.3614051177012,20744,PST,1.655001896097115
Fis_23074,158.33510315942067,1973,PST,1.2698223725445907
Fis_23075,164.36694599007228,1958,PST,1.2801014521363232
Fis_23076,57.27274456511691,1906,PST,1.0975983844724708
Fis_23077,172.25897931263103,2475,PST,1.2935505490277324
Fis_23078,2.001839296601247,59,PST,1.0034092535032215
Fis_23080,1.1778579189376615,86,PST,1.0020050773002096
Fis_23082,9.396057018544525,291,PST,1.0160100049843808
Fis_23084,2.367562767554773,43,PST,1.004032495980196
Fis_23101,71.50516490829995,1976,PST,1.1218523621701566
Fis_23103,11.750125705890241,624,PST,1.020021657821001
Fis_23104,36.883265321876934,609,PST,1.0628519419905473
Fis_23105,28.282465156526087,995,PST,1.0481950101151067
Fis_23113,45.08416402051216,1190,PST,1.0768273874412537
Fis_23121,8.142865149618956,237,PST,1.0138743957972618
Fis_23123,67.6662096281434,853,PST,1.1153102608618624
Fis_23124,4.883428546024334,92,PST,1.0083198730397556
Fis_23126,15.535863227210939,182,PST,1.0264730688387613
Fis_23127,338.067588268028,19562,PST,1.5761109433049207
Fis_23128,114.84724364047202,893,PST,1.1957131522250921
Fis_23129,147.4306318985682,1952,PST,1.2512396721753982
Fis_23138,14.92495798424352,199,PST,1.0254320033150446
Fis_23144,5.614554713945836,39,PST,1.009565811351257
Fis_23146,6.56791347420949,57,PST,1.0111904641897604
Fis_23149,196.32050499225736,2458,PST,1.3345546574740845
Fis_23153,10.83136322296923,357,PST,1.018455961738893
Fis_23155,12.531852289204835,178,PST,1.0213538261142516
Fis_23156,15.96173451942741,288,PST,1.0271988113740742
Fis_23157,248.91175566416695,4868,PST,1.424177292987435
Fis_23158,15.851369543052897,233,PST,1.027010734461571
Fis_23159,6.433334367080988,152,PST,1.0109611231090332
Fis_23161,372.401053124097,18364,PST,1.6346198315209874
Fis_23193,132.86265800496676,1198,PST,1.226413865643826
Fis_23198,69.32696628923168,1088,PST,1.1181404158213182
Fis_23201,8.049015000549844,287,PST,1.0137144623939782
Fis_23202,10.603559058508836,416,PST,1.0180677524961195
Fis_23204,3.8285085439420072,275,PST,1.0065221460483937
Fis_23220,6.5383867545751855,54,PST,1.0111401466483847
Fis_23221,7.636141121365654,73,PST,1.013010869216133
Fis_23222,267.42943712195745,20364,PST,1.4557339377646685
Fis_23223,8.53740963130258,278,PST,1.0145467531917707
Fis_23239,173.9015798725468,1449,PST,1.2963497635243364
Fis_23243,60.93892634367171,2461,PST,1.103846056263258
Fis_23252,5.781040718953591,61,PST,1.0098495261204297
Fis_23253,76.45253706321637,435,PST,1.1302833564082495
Fis_23260,0.11550527325016446,24,PST,1.0001946840744416
Fis_23273,383.626184877804,13541,PST,1.6537489809307993
Fis_23274,425.90330594642,13487,PST,1.7257949384556346
Fis_23277,393.38356531849905,19142,PST,1.6703768827134924
Fis_23278,15.695808779910294,213,PST,1.026745637788699
Fis_23280,14.000670161432936,536,PST,1.0238568913031634
Fis_23292,3.4327452788711525,129,PST,1.0058477116814248
Fis_23311,109.87062868690737,1084,PST,1.1872323242855534
Fis_23322,127.08689836079611,1216,PST,1.216571186590013
Fis_23898,381.5952760857874,15407,PST,1.6502880364561514
Fis_23899,477.1961433226403,20605,PST,1.8132049013274614
Fis_23993,6.7085773050785065,44,PST,1.0114301744663334
Fis_24044,6.980954894097522,53,PST,1.0118943428797251
Fis_24046,5.228777900338173,47,PST,1.0089083952542115
Fis_24098,445.1466368049903,15381,PST,1.758588188389157
Fis_24127,382.06089723063724,14125,PST,1.6510815181402536
Fis_24153,24.37688682710086,973,PST,1.0415393740803114
Fis_24377,0.1909257867373526,6,PST,1.0003232108750812
Fis_24448,119.89658385105668,948,PST,1.2043179138821074
Fis_25062,26.648942595157678,444,PST,1.0454112657612469
Fis_25233,34.471840752352364,693,PST,1.0587425469390646
Fis_25412,6.732913376385113,92,PST,1.0114716464378244
Fis_25414,2.67554011309403,53,PST,1.0045573312148215
Fis_25470,79.22502170113853,542,PST,1.135008046865242
Fis_25603,124.31319909052854,1017,PST,1.2118444262344998
Fis_25664,85.29571093183131,682,PST,1.1453533259998148
Fis_25886,4.269010978532606,244,PST,1.0072728220379106
Fis_25888,165.37958320067537,1283,PST,1.28182712350701
Fis_25889,122.51857494425803,725,PST,1.2087861428947853
Fis_25892,90.30061200179625,466,PST,1.1538823573242862
Fis_25894,6.556823541293852,241,PST,1.011171565437537
Fis_25895,7.55105608899612,279,PST,1.0128658727624211
Fis_25897,14.655896872794528,225,PST,1.0249734866299662
Fis_25899,315.3828696361803,16092,PST,1.5374531011032155
Fis_25900,9.639777748845518,305,PST,1.0164253382175659
Fis_25902,80.62732438807143,1226,PST,1.1373977611425161
Fis_25903,41.06310081489164,506,PST,1.069974949489137
Fis_25905,5.9286932310023985,47,PST,1.010101146059125
Fis_26085,92.19701785601956,1448,PST,1.1571140905211013
Fis_26148,139.5256326195531,1293,PST,1.2377684795328001
Fis_26519,138.42206057414205,1466,PST,1.2358878428503675
Fis_26902,135.44244683832494,1262,PST,1.2308101762726769
Fis_26903,176.52892820833858,1519,PST,1.3008271220061542
Fis_26906,112.8497393133539,895,PST,1.1923091334965306
Fis_26932,147.14275551884475,1076,PST,1.2507490917171808
Fis_27224,86.81041730509605,506,PST,1.1479345914283123
Fis_27236,18.82403225787857,151,PST,1.0320765555552165
Fis_27240,141.8744411727198,1086,PST,1.2417711683862054
Fis_27676,73.90074554714101,885,PST,1.1259347570114027
Fis_27677,1.7487683554791147,32,PST,1.0029779862405983
Fis_27678,0.040922175259765936,14,PST,1.0000675843435691
Fis_28552,162.08305627343339,1237,PST,1.2762093937993961
Fis_28553,70.67678979388438,491,PST,1.1204406984428428
Fis_28555,66.6219279727593,615,PST,1.1135306630584627
Fis_28559,111.3322792293834,787,PST,1.1897231753709068
Fis_28560,113.35729713244655,710,PST,1.1931740809705178
Fis_28561,124.43010493266775,858,PST,1.2120436496708238
Fis_28562,163.24502493493037,1174,PST,1.2781895462486497
Fis_28563,122.67336193237134,1263,PST,1.2090499209498924
Fis_28785,146.36241064256865,961,PST,1.2494192780404247
Fis_28787,167.2860478158418,1177,PST,1.2850759981989257
Fis_28947,169.4181424038079,1447,PST,1.2887093770156675
Fis_29298,1.2915862067602575,46,PST,1.0021988857523165
Fis_29319,3.8401281342376024,171,PST,1.006541947408745
Fis_29320,42.378728821599594,664,PST,1.072216958336805
Fis_29321,80.91631433840848,1208,PST,1.1378902392763346
Fis_29328,53.30556215495292,7544,PST,1.0908377667153615
Fis_29332,57.12495669347845,447,PST,1.0973465338626465
Fis_29338,1.8903677669586614,45,PST,1.0032192908736277
Fis_29367,4.026141564832869,302,PST,1.0068589395638627
Fis_29380,34.56880452410587,745,PST,1.058907786378379
Fis_29385,10.597031273056928,137,PST,1.0180566282629289
Fis_29388,124.82846163845898,1742,PST,1.2127225036130915
Fis_29406,114.73353751335321,898,PST,1.195519381537835
Fis_29409,2.8477781980127475,75,PST,1.0048508483095657
Fis_29411,5.932543644797988,39,PST,1.0101077076873002
Fis_29416,110.59909861276901,1402,PST,1.188473735999742
Fis_29421,1.0428624600172043,7,PST,1.0017750266994687
Fis_29423,378.41677256345884,14216,PST,1.6448714346636462
Fis_29436,154.87836077372276,1338,PST,1.263931613930964
Fis_29459,6.825004965532571,73,PST,1.0116285830161063
Fis_29481,9.032393135712482,107,PST,1.0153902723253545
Fis_29485,7.5885758810909465,219,PST,1.0129298115851053
Fis_29500,150.76075407914504,1011,PST,1.2569146527585122
Fis_29505,123.92269837653657,860,PST,1.2111789599694716
Fis_29521,1.7437891664158087,60,PST,1.002969501026026
Fis_29531,302.26050034117543,15292,PST,1.5150908011888313
Fis_29532,14.264828393620974,803,PST,1.0243070528159393
Fis_29536,62.756965553137434,1695,PST,1.1069442420515256
Fis_29539,29.915814451545884,300,PST,1.0509784591995708
Fis_29540,10.28409431297041,356,PST,1.0175233411713658
Fis_29547,1.4540542351314798,79,PST,1.00247575334347
Fis_30530,57.13270429075112,1612,PST,1.0973597368208876
Fis_30583,441.880601773958,14389,PST,1.75302242101492
Fis_30780,96.23211036117209,533,PST,1.16399043630546
Fis_30995,147.89815872858162,1326,PST,1.252036401405901
Fis_31187,7.681449359108228,64,PST,1.0130880806082385
Fis_31223,65.55865868979845,710,PST,1.1117187077582584
Fis_31247,10.066078200849006,113,PST,1.0171518120994563
Fis_31408,14.816563789850989,395,PST,1.0252472848827638
Fis_31568,380.9945419130346,13722,PST,1.6492643038177908
Fis_31570,119.81809241040446,1108,PST,1.2041841538044022
Fis_31571,29.16723933440153,253,PST,1.0497027855082046
Fis_31573,81.61575211929448,597,PST,1.1390821762715522
Fis_31576,19.199603112705518,215,PST,1.0327165793120496
Fis_31577,208.97453476286364,7204,PST,1.3561188432163316
Fis_31578,126.68548770984717,2311,PST,1.2158871283103267
Fis_31582,0.04398715868592262,2,PST,1.0000728074916962
Fis_31583,7.547147937701084,281,PST,1.0128592127417033
Fis_31585,123.45665154549454,844,PST,1.2103847528582696
Fis_31589,9.775977341792895,132,PST,1.0166574408262667
Fis_31594,7.957159167119244,146,PST,1.0135579275754647
Fis_31600,35.10083836071999,310,PST,1.0598144443112183
Fis_31602,10.659742051531794,334,PST,1.0181634959485268
Fis_32598,30.970333812445006,874,PST,1.0527755034439306
Fis_32599,81.69586982379269,864,PST,1.1392187077237743
Fis_32608,6.2209470578236505,40,PST,1.0105991862818606
Fis_32609,75.13429858982272,808,PST,1.1280368989707248
Fis_32610,135.82648638571118,1357,PST,1.2314646318320783
Fis_32611,137.98527760928573,1154,PST,1.235143505342557
Fis_32811,73.94642095448216,538,PST,1.1260125941103833
Fis_32960,9.759383771015564,295,PST,1.016629163127474
Fis_32975,131.1750834000486,1115,PST,1.2235380092649444
Fis_32976,0.04477890208363533,2,PST,1.000074156730002
Fis_33107,38.59978149093877,408,PST,1.065777118726357
Fis_33775,24.402169055987997,383,PST,1.0415824584328524
Fis_33777,27.93259134154505,337,PST,1.047598777605039
Fis_34717,1.5925242295634234,63,PST,1.002711725024728
Fis_35264,143.94350320465128,1315,PST,1.2452971311646748
Fis_35265,128.25976990322306,1007,PST,1.2185699190294959
Fis_35514,367.5463845160191,14339,PST,1.6263468167202144
Fis_47352,171.0783532615951,1140,PST,1.2915386018521524
Fis_47368,27.198252029455034,296,PST,1.0463473636593783
Fis_47420,5.397909291554242,226,PST,1.0091966181208512
Fis_47424,0.0012631635181605816,1,PST,1
Fis_47425,2.6695138013456017,93,PST,1.0045470615609453
Fis_47427,175.56220897560524,1342,PST,1.299179701107581
Fis_47488,97.70946942658156,634,PST,1.1665080568478492
Fis_47495,21.58469238766702,319,PST,1.036781095444024
Fis_47714,12.366601548350445,139,PST,1.0210722164030033
Fis_47835,13.111732543620747,235,PST,1.022342020842822
Fis_48194,75.9357018054518,1279,PST,1.1294025989184524
Fis_53171,4.129447584506124,116,PST,1.0070349870552082
Fis_54405,1.0793822519481182,10,PST,1.0018372613860267
Fis_54647,1.3443636998854345,67,PST,1.0022888257702707
Fis_54691,8.908967865339946,292,PST,1.0151799388976757
Fis_54720,8.054569382802583,259,PST,1.0137239278158836
Fis_54787,4.372775803611148,155,PST,1.0074496513959939
Fis_54790,1.4216508734971285,69,PST,1.0024205336133427
Fis_54800,9.110226291319123,300,PST,1.0155229105959158
Fis_54855,10.17850996303605,335,PST,1.0173434110957507
Fis_54860,2.1181636427063495,54,PST,1.0036074859913087
Fis_57444,58.53677742585569,651,PST,1.0997524681823567
Fis_58162,134.86268390029,1635,PST,1.2298221814671566
Fis_58165,12.05692003267177,318,PST,1.0205444770309537
Fis_58273,11.769060397753378,369,PST,1.0200539251081588
Fis_58285,1.4096513973345282,25,PST,1.0024000848758676
Fis_58398,20.812294554261143,407,PST,1.0354648246079015
Fis_58409,9.080516379188339,127,PST,1.01547228086964
Fis_58485,450.78877939958477,19294,PST,1.7682031658390045
Fis_6035,127.43795575544846,950,PST,1.2171694360806264
Fis_60598,0.8360013392521068,19,PST,1.0014225072482035
Fis_61240,92.2019023526318,722,PST,1.1571224143668732
Fis_61250,4.402010190999135,154,PST,1.0074994707635097
Fis_61406,5.3185180625878274,193,PST,1.009061324681625
Fis_61410,1.6758687676192494,73,PST,1.0028537554396881
Fis_61506,2.5220169376643753,40,PST,1.0042957068682126
Fis_61508,211.68598047943004,4286,PST,1.3607395150593737
Fis_61614,2.2089472741170084,2071,PST,1.0037621936319248
Fis_61628,77.74005484157829,2630,PST,1.132477461608123
Fis_61691,122.44596799350256,7566,PST,1.2086624107872548
Fis_64122,10.632296900381334,83,PST,1.0181167256826225
Fis_6652,4.864826595588966,241,PST,1.0082881727891928
Fis_8339,111.3954002803298,1143,PST,1.1898307422165306
ITS_Mam_180417,308.687357958285,16066,PST,1.5260430396382976
ITS_Mam_180419,99.00067744648732,1040,PST,1.168708450720622
ITS_Mam_180426,365.5050237428748,20305,PST,1.622868060649854
ITS_Mam_180429,232.2913674755921,11474,PST,1.3958538936827165
ITS_Mam_180430,252.61471380128603,15898,PST,1.4304876366891772
ITS_Mam_180434,338.50475052106293,19183,PST,1.5768559271713127
ITS_Mam_180438,49.028677437093336,4464,PST,1.0835493741537812
ITS_Mam_180440,102.55367528792158,15703,PST,1.1747632417068472
ITS_Mam_180445,18.187214993486577,8033,PST,1.0309913324269195
ITS_Mam_180447,4.270863723634648,3831,PST,1.0072759793672543
ITS_Mam_180449,0.077845640910709335,55,PST,1.0001305069449837
ITS_Mam_180451,0.461098387662787,19,PST,1.00078362168922
ITS_Mam_180455,43.91093520950426,8764,PST,1.0748280461675752
ITS_Mam_180457,258.0274465903401,20267,PST,1.439711668665729
ITS_Mam_180459,250.21880901801774,10825,PST,1.4264046894617928
ITS_Mam_180461,272.75348306823753,12680,PST,1.4648068353132842
ITS_Mam_180463,258.71542644581933,19050,PST,1.4408840797995277
ITS_Mam_180466,281.23087867260233,17789,PST,1.479253469052654
ITS_Mam_180469,216.8686047914357,21101,PST,1.369571410931468
ITS_Mam_180471,37.80773140961537,236,PST,1.0644273577900825
ITS_Mam_180475,4.219808505697074,4835,PST,1.0071889743401858
ITS_Mam_180478,69.45230715105572,410,PST,1.1183540136770578
ITS_Mam_180488,288.51892980194975,21012,PST,1.491673298237607
ITS_Mam_180491,136.7403782093876,19058,PST,1.2330220276491686
ITS_Mam_180492,285.2110981069586,16161,PST,1.4860363036700288
ITS_Mam_180495,40.387396754119436,11576,PST,1.0688234579771503
ITS_Mam_180498,319.58132929145904,20632,PST,1.5446078467043414
ITS_Mam_180500,5.659512664540671,2473,PST,1.0096424258064773
ITS_Mam_180502,376.07109778322854,15949,PST,1.6408740861850384
ITS_Mam_180505,49.831267221471535,11605,PST,1.0849170961758492
ITS_Mam_180507,27.819588991426826,7876,PST,1.047406206249397
ITS_Mam_180508,81.77877401461853,9727,PST,1.1393599877272347
ITS_Mam_180510,388.753297347646,16026,PST,1.6624862770827242
ITS_Mam_180511,61.60083891060958,11583,PST,1.104974045196217
ITS_Mam_180513,68.32344921310687,11632,PST,1.1164302863987259
ITS_Mam_180516,60.12912368218804,11593,PST,1.102466042518754
ITS_Mam_180517,263.39036229844015,19081,PST,1.4488508055688298
ITS_Mam_180524,88.05700843095224,20977,PST,1.1500589520525495
ITS_Mam_180525,305.7594148402063,19447,PST,1.5210534268125362
ITS_Mam_180526,58.17620642803584,16657,PST,1.0991380062195506
ITS_Mam_180527,115.58828340524133,21069,PST,1.1969759846523553
ITS_Mam_180528,248.39182071779987,20793,PST,1.4232912532071755
ITS_Mam_180530,288.7054412923253,21046,PST,1.4919911391542504
ITS_Mam_180535,52.626701800733144,9506,PST,1.0896808964505666
ITS_Mam_552461,36.18135735817759,11497,PST,1.0616557954682486
ITS_Mam_552771,78.50419908305366,11646,PST,1.1337796672023694
ITS_Mam_555654,92.67176618598864,2256,PST,1.1579231261685483
ITS_Mam_612592,16.423782196159664,11530,PST,1.027986203383059
ITS_Mam_612596,130.54452395106523,2121,PST,1.22246345030421
ITS_Mam_612597,409.1593661210937,19161,PST,1.6972609903777611
ITS_Mam_771132,6.340674983744975,182,PST,1.010803218932321
Rep_2666,362.91217362149257,17532,PST,1.6184494918118721
Rep_2941,185.08223316046497,1765,PST,1.3154031155861738
Rep_4381,354.8404113236987,21112,PST,1.604694112331004
Rep_5181,198.66694897606067,1843,PST,1.3385533167800747
Rep_6936,117.73170014975767,1165,PST,1.2006286579619407
Rep_8732,28.106715004250873,546,PST,1.0478955079804828
Fis_125906,12.716118930839002,73,LLT,1.0216678415036835
Fis_131127,96.61640362128492,383,LLT,1.164645324225814
Fis_131407,29.519026514608413,195,LLT,1.0503022786525424
Fis_131465,49.89895886590057,326,LLT,1.0850324519336692
Fis_131805,2.2149933790788054,37,LLT,1.0037724970161255
Fis_131815,69.67160910899565,260,LLT,1.1187277340049204
Fis_131821,8.896932648451184,119,LLT,1.015159429253148
Fis_131829,5.830321087734774,41,LLT,1.0099335065634274
Fis_131831,1.1634105846169405,39,LLT,1.001980457079899
Fis_131843,75.34652780950728,515,LLT,1.1283985663917895
Fis_131844,47.93244889114021,359,LLT,1.081681251792018
Fis_131852,41.96176856495936,1470,LLT,1.0715064014166522
Fis_132130,10.033669262207695,82,LLT,1.0170965828653513
Fis_132518,0.004109419067390263,4,LLT,1.0000048504061114
Fis_132520,16.1161726602586,199,LLT,1.0274619949460229
Fis_132528,46.48067365008683,274,LLT,1.0792072295618198
Fis_132543,1.3852080666692927,25,LLT,1.0023584301198587
Fis_132550,22.207114711377017,405,LLT,1.0378417876378878
Fis_132559,4.232218592660502,64,LLT,1.0072101228142458
Fis_139820,26.680610187817365,257,LLT,1.0454652316410893
Fis_140161,104.46020142756242,412,LLT,1.1780122212448252
Fis_140634,31.859000351427312,1836,LLT,1.0542899119491205
Fis_140639,72.523086263450807,7813,LLT,1.1235870384409885
Fis_140641,17.32806159259053,1072,LLT,1.0295272183183026
Fis_140692,45.76651497287821,2942,LLT,1.0779902061594775
Fis_142376,1.1413788832724094,21,LLT,1.0019429120678651
Fis_144985,24.702833323273808,156,LLT,1.0420948311886733
Fis_146573,69.57058944921641,7864,LLT,1.1185555827814297
Fis_146574,26.034183440870493,2566,LLT,1.0443636326490986
Fis_148497,68.06367913150098,293,LLT,1.1159876028906595
Fis_149485,49.145078632514924,401,LLT,1.0837477376035434
Fis_154008,71.71408318039175,330,LLT,1.1222083872867405
Fis_154010,53.14766410519178,174,LLT,1.0905686869885778
Fis_154012,23.25745994997851,155,LLT,1.03963171861081
Fis_154456,235.3378589251315,803,LLT,1.401045528969733
Fis_156398,116.58899147051852,549,LLT,1.1986813271388672
Fis_15849,23.130529942403882,259,LLT,1.0394154126348305
Fis_159132,15.48262557189446,203,LLT,1.0263823446419214
Fis_159136,32.92289153957972,355,LLT,1.0561029270602553
Fis_159582,274.63461055470725,1010,LLT,1.4680125320959254
Fis_159583,229.21209900640133,888,LLT,1.3906064019015516
Fis_159584,131.40991054588085,499,LLT,1.2239381866220274
Fis_159586,30.228957985731313,2857,LLT,1.051512098321461
Fis_160267,102.41493471295689,515,LLT,1.174526808919604
Fis_160378,144.18701565809897,889,LLT,1.2457121094658081
Fis_160439,220.2012734859935,4201,LLT,1.375250731120342
Fis_160444,233.72121226234526,7789,LLT,1.398290543439599
Fis_160464,27.955783849873114,340,LLT,1.0476383007898649
Fis_160691,49.058787522721104,223,LLT,1.0836006858300584
Fis_160851,34.55596482817782,289,LLT,1.0588859057922821
Fis_160854,36.71646848227829,284,LLT,1.062567697517006
Fis_160862,2.8124943394213915,24,LLT,1.0047907198213166
Fis_160879,31.29310878177057,290,LLT,1.0533255558397019
Fis_160881,0.5972081059589982,9,LLT,1.001015571139306
Fis_160886,9.13029616617132,125,LLT,1.0155571123890983
Fis_160887,3.485073216317687,72,LLT,1.0059368855954318
Fis_160925,0.025472148119661142,10,LLT,1.000041255398481
Fis_160938,5.540822806148981,360,LLT,1.0094401621641058
Fis_161155,85.73140031953517,556,LLT,1.1460957999035981
Fis_161159,42.03296109114308,242,LLT,1.0716277231525668
Fis_161202,99.93315131292911,449,LLT,1.1702975128629012
Fis_161209,75.7887082939269,641,LLT,1.129152102006173
Fis_161213,31.98031873884611,382,LLT,1.0544966549620323
Fis_161218,37.10977014480159,375,LLT,1.0632379369788323
Fis_161221,90.09768409925164,477,LLT,1.1535365406111848
Fis_161225,6.821074917213991,129,LLT,1.0116218856798858
Fis_161228,82.56532952724956,481,LLT,1.1407003851720363
Fis_161233,33.03931759268744,246,LLT,1.0563013328708915
Fis_161235,16.759086076868698,192,LLT,1.028557606745844
Fis_161400,139.80778293288608,6712,LLT,1.2382493019960186
Fis_161402,25.028776183258742,304,LLT,1.042650282100477
Fis_161412,92.27754331810866,460,LLT,1.157251316847651
Fis_161438,12.585968884835893,160,LLT,1.021446048144789
Fis_161440,60.97354548833357,4460,LLT,1.103905051988672
Fis_161448,79.0370496989949,2300,LLT,1.1346877170381393
Fis_161453,47.21603921575297,663,LLT,1.0804603923829879
Fis_161456,111.22436459740857,514,LLT,1.1895392741781328
Fis_161457,83.87401641573524,442,LLT,1.1429305654113227
Fis_161466,26.668416735483333,339,LLT,1.0454444523418671
Fis_161470,14.713961951842066,228,LLT,1.0250724374126354
Fis_161473,35.059856469364604,260,LLT,1.059744605601078
Fis_161480,264.35472279845635,1058,LLT,1.4504942068664262
Fis_161488,107.08201427251333,549,LLT,1.1824801464982697
Fis_161491,100.97920426662313,500,LLT,1.1720801291992464
Fis_161493,46.27024587523192,181,LLT,1.078848632047466
Fis_161494,303.54480116167997,1318,LLT,1.5172794242555014
Fis_161495,58.78221633657813,283,LLT,1.10017072942839
Fis_161638,17.00549402597244,245,LLT,1.0289775193649198
Fis_163295,319.35952885492406,1189,LLT,1.5442298686295417
Fis_164471,17.97069484356325,140,LLT,1.0306223526778178
Fis_164699,4.684542876435444,52,LLT,1.0079809448407364
Fis_165849,58.98673163479907,484,LLT,1.1005192512793667
Fis_166044,123.80800195881693,3995,LLT,1.2109835016925026
Fis_166734,297.07928558503556,1180,LLT,1.5062613073914164
Fis_166946,16.303146522725,137,LLT,1.0277806238075209
Fis_169677,101.40214363516316,456,LLT,1.1728008753383217
Fis_170052,13.119598970745301,364,LLT,1.0223554263032735
Fis_170784,8.78647547395667,102,LLT,1.0149711952225235
Fis_20033,656.9842530447381,17959,LLT,2.119588263985621
Fis_21798,327.6896815496475,1655,LLT,1.5584255804483618
Fis_21801,354.4061683121008,1311,LLT,1.6039541032485911
Fis_22747,69.46771661438277,3375,LLT,1.1183802734958979
Fis_22768,121.10386180532623,9574,LLT,1.206375279521381
Fis_22814,3.594230592250824,60,LLT,1.0061229045927338
Fis_23008,1.817801344790496,30,LLT,1.0030956278323158
Fis_23028,16.565974364057183,182,LLT,1.0282285181535487
Fis_23029,24.12148405559128,240,LLT,1.0411041330619355
Fis_23044,370.7222681923661,1714,LLT,1.6317589539392685
Fis_23045,429.630031358035,1818,LLT,1.732145784821833
Fis_23046,233.9531482896382,844,LLT,1.3986857939379407
Fis_23047,379.185774576404,1962,LLT,1.6461819185603912
Fis_23048,301.0348691366653,1262,LLT,1.5130021591179124
Fis_23050,132.95633290611113,930,LLT,1.2265735004008387
Fis_23051,354.1378959902577,1447,LLT,1.6034969307681557
Fis_23052,65.06296403659508,283,LLT,1.1108739767305231
Fis_23053,83.55880784027977,292,LLT,1.1423934071785786
Fis_23054,555.6992052675132,13581,LLT,1.946984783294126
Fis_23055,29.875393096357584,140,LLT,1.0509095757192064
Fis_23056,141.60042181712925,655,LLT,1.2413042021795466
Fis_23057,181.6172985862413,572,LLT,1.3094983963704143
Fis_23059,263.7594659714132,1517,LLT,1.4494798083692362
Fis_23060,352.9248623896592,1716,LLT,1.6014297567256501
Fis_23061,690.6639317659992,18062,LLT,2.1769830118130304
Fis_23062,335.33877045911777,1331,LLT,1.5714606670565763
Fis_23063,329.0534478820264,1283,LLT,1.5607496235424245
Fis_23064,375.1310940573576,2007,LLT,1.6392721921393827
Fis_23066,393.7249566400824,1997,LLT,1.6709586599024884
Fis_23068,272.9236950921222,1031,LLT,1.465096899724792
Fis_23070,322.5522200021105,1387,LLT,1.5496706480621523
Fis_23071,716.5571656928985,20991,LLT,2.221108599944973
Fis_23074,361.82057917936413,2011,LLT,1.6165892665925556
Fis_23075,375.86285641770894,2010,LLT,1.6405192146092094
Fis_23076,172.10275605788638,1975,LLT,1.2932843233791727
Fis_23077,418.04984982721976,2523,LLT,1.712411582359349
Fis_23078,2.2357231684727594,59,LLT,1.0038078233933343
Fis_23080,5.257988532801392,86,LLT,1.0089581741401084
Fis_23082,36.70131428679451,291,LLT,1.0625418727092482
Fis_23084,14.835467219440034,75,LLT,1.0252794988947593
Fis_23101,246.3988948065114,2173,LLT,1.4198950367211525
Fis_23103,34.29689205659088,624,LLT,1.0584444105952155
Fis_23104,100.28156556084195,601,LLT,1.1708912580724067
Fis_23105,107.08391269933418,1137,LLT,1.1824833816754683
Fis_23113,165.92736961996343,1293,LLT,1.2827606259806685
Fis_23121,18.68478926293392,231,LLT,1.031839266576075
Fis_23123,172.22390493344756,929,LLT,1.2934907775208513
Fis_23124,5.424922498175874,91,LLT,1.0092426522946
Fis_23126,41.827244479209185,182,LLT,1.071277154099828
Fis_23127,572.2989960352093,19753,LLT,1.9752730817955673
Fis_23128,223.78094705014155,899,LLT,1.3813509811618907
Fis_23129,375.68331722182415,2034,LLT,1.640213255429544
Fis_23138,17.967353842793273,157,LLT,1.0306166591586405
Fis_23144,6.221281066536903,39,LLT,1.0105997554780821
Fis_23146,7.267993008368649,57,LLT,1.0123834948197359
Fis_23149,460.67144309278774,2539,LLT,1.7850445673033366
Fis_23153,43.182986890897155,357,LLT,1.0735875233430072
Fis_23155,64.39766817132477,242,LLT,1.1097402221975947
Fis_23156,39.82931330730207,288,LLT,1.0678724079697606
Fis_23157,595.0743088242511,4892,LLT,2.014085308748084
Fis_23158,59.495271281651185,318,LLT,1.1013858719212344
Fis_23159,9.247423209772933,188,LLT,1.0157567127827636
Fis_23161,631.1992244491971,18450,LLT,2.0756470724376928
Fis_23193,296.6498397926971,1247,LLT,1.50552947342231
Fis_23198,195.6161563761707,1192,LLT,1.3333543517485622
Fis_23201,31.261654746253043,287,LLT,1.0532719538902409
Fis_23202,42.398384876782075,416,LLT,1.072250454925054
Fis_23204,15.76487874664599,275,LLT,1.0268633423949707
Fis_23220,7.232565712882206,54,LLT,1.012323121895532
Fis_23221,8.410699314830708,73,LLT,1.0143308215992748
Fis_23222,491.18791510709843,20517,LLT,1.8370487811896732
Fis_23223,33.34799966355786,278,LLT,1.056827369053216
Fis_23239,378.2576060296624,1519,LLT,1.6446001932677465
Fis_23243,113.66664415105242,2464,LLT,1.1937012503141147
Fis_23252,6.40757729311008,61,LLT,1.0109172295559632
Fis_23253,148.96085137566843,434,LLT,1.2538473740402416
Fis_23260,0.13934251747559756,24,LLT,1.000235305976822
Fis_23273,678.6571515928117,13653,LLT,2.15652182731176
Fis_23274,731.5055422706973,13574,LLT,2.2465826643270157
Fis_23277,712.6025723219142,19253,LLT,2.21436943562081
Fis_23278,66.85972315966501,274,LLT,1.1139358983607346
Fis_23280,52.05559690303926,536,LLT,1.0887076561219573
Fis_23292,11.863269282737747,129,LLT,1.020214469846175
Fis_23311,262.3831239579813,1137,LLT,1.4471343346062895
Fis_23322,280.60218809355865,1264,LLT,1.4781820949001772
Fis_23898,653.2527005315769,15501,LLT,2.113229191582641
Fis_23899,847.9818136580238,20806,LLT,2.4450740537336606
Fis_23993,7.410844624042511,44,LLT,1.0126269333788205
Fis_24044,7.65394325973466,53,LLT,1.0130412064782826
Fis_24046,5.766357672866434,47,LLT,1.009824504215248
Fis_24098,789.2835635208457,15473,LLT,2.3450442615133804
Fis_24127,649.413375696231,14212,LLT,2.1066864605021007
Fis_24153,78.51304866622422,1110,LLT,1.133794748094282
Fis_24377,1.732428539544344,6,LLT,1.002950140974529
Fis_24448,236.40947606686677,996,LLT,1.4028717101553212
Fis_25062,94.3033300331299,538,LLT,1.1607035326072794
Fis_25233,91.37862355335528,693,LLT,1.1557194354528761
Fis_25412,5.5309240362548735,92,LLT,1.0094232933154872
Fis_25414,2.9206408600730356,53,LLT,1.004975016183897
Fis_25470,139.45177382255133,570,LLT,1.2376426141092063
Fis_25603,279.80311210369837,1073,LLT,1.4768203608613066
Fis_25664,197.00503392782048,735,LLT,1.3357211877715487
Fis_25886,17.16964023374021,244,LLT,1.029257246801741
Fis_25888,363.66529802190325,1339,LLT,1.6197329180999307
Fis_25889,220.70127056690762,706,LLT,1.3761027940693686
Fis_25892,133.9854189383077,426,LLT,1.2283272027980456
Fis_25894,23.576127105625346,241,LLT,1.0401747707340383
Fis_25895,27.779665977694094,279,LLT,1.0473381720105712
Fis_25897,59.219676369257286,296,LLT,1.100916220751748
Fis_25899,544.0301569709536,16206,LLT,1.9270991397905224
Fis_25900,37.187158424640074,305,LLT,1.0633698171206498
Fis_25902,220.77525574303945,1291,LLT,1.376228874860168
Fis_25903,109.87661096548936,460,LLT,1.1872425189009321
Fis_25905,6.610032119646348,47,LLT,1.0112622400832803
Fis_26085,255.71398785648853,1524,LLT,1.4357692207066068
Fis_26148,301.3978808802203,1350,LLT,1.5136207804430195
Fis_26519,314.66985957440556,1511,LLT,1.5362380350976088
Fis_26902,270.51823300177966,1303,LLT,1.4609976655478207
Fis_26903,372.87971150229987,1554,LLT,1.6354355304217933
Fis_26906,222.26850517741696,895,LLT,1.3787735747499392
Fis_26932,308.4972447778491,1133,LLT,1.5257190609525124
Fis_27224,165.49925938995875,503,LLT,1.2820310679912112
Fis_27236,41.32996222819202,159,LLT,1.0704297175897477
Fis_27240,299.28947905862515,1106,LLT,1.5100277773187671
Fis_27676,131.23543823166347,849,LLT,1.2236408620970445
Fis_27677,1.9176490662503056,32,LLT,1.0032657819137056
Fis_27678,0.045363509212620556,14,LLT,1.000075152979967
Fis_28552,328.24907583708455,1287,LLT,1.5593788643062412
Fis_28553,147.2305537626271,488,LLT,1.2508987118517219
Fis_28555,179.06334536731265,660,LLT,1.3051461131382445
Fis_28559,193.71428047735026,761,LLT,1.3301132968526639
Fis_28560,201.46989049475633,673,LLT,1.3433299098993838
Fis_28561,246.8080156944534,873,LLT,1.420592234292088
Fis_28562,337.8816299442333,1198,LLT,1.5757940450592771
Fis_28563,284.8533600529381,1314,LLT,1.4854266694283038
Fis_28785,296.18659605321955,1006,LLT,1.5047400431599258
Fis_28787,340.71566452018305,1233,LLT,1.5806236249720484
Fis_28947,358.15828005636376,1483,LLT,1.6103482113742809
Fis_29298,6.37070344761014,46,LLT,1.0108543915140267
Fis_29319,15.963735824916512,171,LLT,1.0272022218704993
Fis_29320,117.86099273164496,702,LLT,1.2008489900854977
Fis_29321,212.44701116847045,1248,LLT,1.3620364147373039
Fis_29328,162.690366372835,8021,LLT,1.2772443327100869
Fis_29332,112.92957568903512,442,LLT,1.1924451855262308
Fis_29338,2.0231803953647614,45,LLT,1.0034456216346408
Fis_29367,16.58957323989307,302,LLT,1.0282687338438117
Fis_29380,97.01392171911812,774,LLT,1.1653227490661988
Fis_29385,40.556159484998716,188,LLT,1.0691110525964946
Fis_29388,307.9952361557116,1821,LLT,1.524863570063979
Fis_29406,256.9106472291835,898,LLT,1.4378084908403737
Fis_29409,15.544318170199404,130,LLT,1.026487477210193
Fis_29411,6.512950989301316,39,LLT,1.0110968006489833
Fis_29416,281.71509126035016,1465,LLT,1.4800786330810478
Fis_29421,1.1066122949123383,7,LLT,1.0018836650783598
Fis_29423,633.6301578191506,14306,LLT,2.0797897131353205
Fis_29436,339.2358637210027,1395,LLT,1.5781018433836114
Fis_29459,18.838578237220645,73,LLT,1.0321013438800444
Fis_29481,11.227300556565751,113,LLT,1.0191306927422765
Fis_29485,30.73821003199555,219,LLT,1.0523799329887042
Fis_29500,296.40601237650117,1029,LLT,1.505113958381867
Fis_29505,261.0194627974997,922,LLT,1.4448104707394271
Fis_29521,1.9766689915850293,60,LLT,1.0033663598841613
Fis_29531,529.1104485101314,15394,LLT,1.9016739297742882
Fis_29532,44.53909889584838,817,LLT,1.075898522423315
Fis_29536,175.68821365553833,1761,LLT,1.2993944301995561
Fis_29539,104.8492052100919,413,LLT,1.1786751365352877
Fis_29540,40.81081213988364,356,LLT,1.069545015314241
Fis_29547,5.095766638405621,79,LLT,1.0086817259946854
Fis_30530,199.5371817483233,1805,LLT,1.3400363116426008
Fis_30583,758.3028243717145,14493,LLT,2.2922488733599695
Fis_30780,116.3658497055876,456,LLT,1.1983010632582654
Fis_30995,342.3656965981245,1361,LLT,1.5834355037849186
Fis_31187,8.457564257725608,64,LLT,1.0144106858284339
Fis_31223,155.17052758761565,801,LLT,1.264429505871849
Fis_31247,9.418199548497796,113,LLT,1.0160477388634195
Fis_31408,32.489145888922394,458,LLT,1.0553637655484502
Fis_31568,646.2210262264825,13827,LLT,2.101246263334261
Fis_31570,268.8352777592813,1136,LLT,1.4581296811900295
Fis_31571,48.51172734908323,214,LLT,1.0826684209776463
Fis_31573,171.94332403520093,594,LLT,1.2930126295541402
Fis_31576,48.82455568667501,215,LLT,1.0832015229617225
Fis_31577,364.12550565789115,7174,LLT,1.6205171744295228
Fis_31578,316.79809255753844,2364,LLT,1.5398648332151268
Fis_31582,0.16751962900161743,2,LLT,1.000283323602641
Fis_31583,28.07326635532081,281,LLT,1.0478385069388043
Fis_31585,204.24196751837894,762,LLT,1.3480539057262364
Fis_31589,28.020408816519193,132,LLT,1.0477484305121434
Fis_31594,12.108234161903965,193,LLT,1.0206319232780405
Fis_31600,43.85642920704322,238,LLT,1.0747351605348998
Fis_31602,42.143250983092,334,LLT,1.0718156721110088
Fis_32598,122.69300701739485,989,LLT,1.2090833988435001
Fis_32599,200.75069272359315,909,LLT,1.3421042991963965
Fis_32608,6.924097442999482,40,LLT,1.0117974500591347
Fis_32609,169.51518692866557,808,LLT,1.2888747540692413
Fis_32610,318.3329134802407,1404,LLT,1.542480376568369
Fis_32611,294.75642896704085,1217,LLT,1.502302844161039
Fis_32811,125.69359858791358,534,LLT,1.2141968145013002
Fis_32960,37.82437342801131,295,LLT,1.064455718050199
Fis_32975,280.06655023200074,1133,LLT,1.4772692952192372
Fis_32976,0.1713675931096077,2,LLT,1.0002898810562157
Fis_33107,76.81420103968412,432,LLT,1.1308996809551497
Fis_33775,66.96538072321073,422,LLT,1.114115953202289
Fis_33777,76.06366679657549,372,LLT,1.129620668646999
Fis_34717,7.685024824808352,63,LLT,1.0130941736875083
Fis_35264,319.4964025449799,1352,LLT,1.5444631199912895
Fis_35265,266.6716711676172,1063,LLT,1.4544426016381722
Fis_35514,628.0176344609067,14445,LLT,2.0702252108879016
Fis_47352,331.7893645617942,1175,LLT,1.5654119972310712
Fis_47368,69.01951280026697,296,LLT,1.1176164733094602
Fis_47420,22.168142115231603,226,LLT,1.037775373039742
Fis_47424,0.005266234278678894,1,LLT,1.0000068217763813
Fis_47425,11.867525320500135,93,LLT,1.0202217227126926
Fis_47427,367.8874707397572,1384,LLT,1.6269280739810354
Fis_47488,182.94163594971178,643,LLT,1.3117552471451464
Fis_47495,62.08338785124943,319,LLT,1.105796374143937
Fis_47714,31.584402255637542,175,LLT,1.0538219594905422
Fis_47835,47.296876365784556,235,LLT,1.0805981498681332
Fis_48194,171.33045002617155,1328,LLT,1.2919682089856028
Fis_53171,17.86613602656871,116,LLT,1.0304441702496479
Fis_54405,1.1130907330662012,10,LLT,1.0018947052170508
Fis_54647,4.82015815039631,67,LLT,1.0082120516905062
Fis_54691,34.88342302036472,292,LLT,1.0594439390360115
Fis_54720,30.720244196476415,259,LLT,1.0523493167643732
Fis_54787,16.791767103830352,155,LLT,1.028613299655409
Fis_54790,7.340514115523547,69,LLT,1.0125070806381093
Fis_54800,36.24120632431004,300,LLT,1.0617577862368464
Fis_54855,39.99187459633686,335,LLT,1.0681494344897542
Fis_54860,9.701947957277298,54,LLT,1.0165312846983756
Fis_57444,140.0065343737606,714,LLT,1.238588001451074
Fis_58162,330.6877837809252,1706,LLT,1.5635347539339257
Fis_58165,42.423611901311006,377,LLT,1.072293445201869
Fis_58273,23.78823696024301,438,LLT,1.0405362347408136
Fis_58285,1.531912502949126,25,LLT,1.0026084344086506
Fis_58398,41.41456805386292,440,LLT,1.0705738974101462
Fis_58409,25.22499934686857,123,LLT,1.0429846730276142
Fis_58485,780.0329626951993,19395,LLT,2.3292799810392664
Fis_6035,279.0986214556269,1005,LLT,1.4756198130939877
Fis_60598,0.9227709400001913,19,LLT,1.0015703744352762
Fis_61240,225.34321813762654,789,LLT,1.3840133033249478
Fis_61250,15.71512308344245,154,LLT,1.0267785519857098
Fis_61406,18.53544052550569,193,LLT,1.0315847560389058
Fis_61410,8.651946154655889,73,LLT,1.0147419389870183
Fis_61506,2.7636633088786766,40,LLT,1.0047075051117182
Fis_61508,413.79874986954883,4254,LLT,1.705167130531915
Fis_61614,5.017709218278469,2183,LLT,1.0085487055469153
Fis_61628,251.3632776624388,2829,LLT,1.4283550195046224
Fis_61691,183.5859619323753,7577,LLT,1.3128532661494154
Fis_64122,19.48555412364658,82,LLT,1.0332038786803062
Fis_6652,19.80353996552003,241,LLT,1.0337457697523103
Fis_8339,248.35709437813034,1193,LLT,1.4232320748069065
ITS_Mam_180417,563.7911474843886,16176,LLT,1.9607745520984925
ITS_Mam_180419,186.47720896696592,1070,LLT,1.317780343863857
ITS_Mam_180426,742.2551115267551,20471,LLT,2.264901390637051
ITS_Mam_180429,425.3350189958428,11573,LLT,1.724826500291722
ITS_Mam_180430,443.3370893935796,16008,LLT,1.7555044737783612
ITS_Mam_180434,575.2103613398699,19272,LLT,1.9802344437752166
ITS_Mam_180438,109.58533989256978,4557,LLT,1.1867461534243493
ITS_Mam_180440,181.37120700951994,15780,LLT,1.3090790228928562
ITS_Mam_180445,49.2849835743059,8308,LLT,1.0839861546300344
ITS_Mam_180447,9.699141400434655,4106,LLT,1.0165265019442533
ITS_Mam_180449,0.3055529037519591,52,LLT,1.0005185510542345
ITS_Mam_180451,0.5330811273306608,19,LLT,1.0009062900562598
ITS_Mam_180455,89.98751419921246,9037,LLT,1.1533487961352578
ITS_Mam_180457,529.6188580386506,20424,LLT,1.9025403286768405
ITS_Mam_180459,464.12975505875556,10924,LLT,1.790938000694966
ITS_Mam_180461,484.1182243827225,12755,LLT,1.8250010677984174
ITS_Mam_180463,473.13194625862855,19144,LLT,1.806278957421037
ITS_Mam_180466,523.5535866979271,17882,LLT,1.8922042823627798
ITS_Mam_180469,455.25859661568757,21463,LLT,1.7758203415869098
ITS_Mam_180471,52.83977353608134,247,LLT,1.0900439996327753
ITS_Mam_180475,9.418413811632945,5110,LLT,1.0160481039969087
ITS_Mam_180478,98.68514238064745,400,LLT,1.1681707361039102
ITS_Mam_180488,491.24987792978663,21368,LLT,1.8371543742570031
ITS_Mam_180491,288.6114098857821,19163,LLT,1.4918308968636076
ITS_Mam_180492,517.0996200803534,16267,LLT,1.8812058464938435
ITS_Mam_180495,78.86443271180246,11874,LLT,1.134393554242448
ITS_Mam_180498,546.9674183608088,20858,LLT,1.932104632217251
ITS_Mam_180500,14.654553876028785,2473,LLT,1.0249711979810352
ITS_Mam_180502,631.9425797255312,16064,LLT,2.076913850811218
ITS_Mam_180505,91.72415300321927,11904,LLT,1.156308264574615
ITS_Mam_180507,55.92782453621476,8017,LLT,1.095306458039748
ITS_Mam_180508,145.24979233614408,9757,LLT,1.247523225300317
ITS_Mam_180510,728.5366224068866,16145,LLT,2.241523221559955
ITS_Mam_180511,114.62291408465353,11882,LLT,1.1953308641874598
ITS_Mam_180513,139.3809020020335,11933,LLT,1.2375218388993132
ITS_Mam_180516,116.40555274596773,11892,LLT,1.1983687226326156
ITS_Mam_180517,471.8718891592679,19177,LLT,1.804131648948635
ITS_Mam_180524,185.59220919334473,21353,LLT,1.3162721840249616
ITS_Mam_180525,554.9583221678645,19550,LLT,1.9457222178455107
ITS_Mam_180526,105.52972439488167,17169,LLT,1.1798348336727211
ITS_Mam_180527,214.340603085461,21431,LLT,1.3652633526028093
ITS_Mam_180528,412.75192475534163,21144,LLT,1.7033831983291594
ITS_Mam_180530,536.9302771817947,21414,LLT,1.9149999801317796
ITS_Mam_180535,124.6431941567871,9767,LLT,1.2124067826562743
ITS_Mam_552461,78.44022671425319,11798,LLT,1.1336706495954731
ITS_Mam_552771,166.19365314159063,11952,LLT,1.283214409275363
ITS_Mam_555654,226.95632109999065,2289,LLT,1.386762249908161
ITS_Mam_612592,32.60225427229136,11829,LLT,1.055556517599156
ITS_Mam_612596,286.56085573198936,2141,LLT,1.4883364740237282
ITS_Mam_612597,709.3999010590604,19272,LLT,2.2089116487153326
ITS_Mam_771132,24.76300799404271,182,LLT,1.0421973770022175
Rep_2666,735.5038455799119,17630,LLT,2.2533963163237907
Rep_2941,432.84893628033205,1836,LLT,1.7376312360882968
Rep_4381,643.1333093523223,21441,LLT,2.0959843743233364
Rep_5181,448.22895468762,1930,LLT,1.7638408767850757
Rep_6936,272.73601904516727,1193,LLT,1.4647770742455355
Rep_8732,84.95549587416463,546,LLT,1.1447735533243248
